iOS_7081692369079155@maildrop.cc,https://site-mkt-stage.artbasel.com/access?action=activationps&email=ios_7081692369079155%40maildrop.cc&token=d78e84d7-7faa-4167-9c9c-73fc703215c9
iOS_7061692369101408@maildrop.cc,https://site-mkt-stage.artbasel.com/access?action=activationps&email=ios_7061692369101408%40maildrop.cc&token=2708fd79-4fc2-4244-9769-54d77fbd1d2d
iOS_1021692369099533@maildrop.cc,https://site-mkt-stage.artbasel.com/access?action=activationps&email=ios_1021692369099533%40maildrop.cc&token=28f86dc7-1f70-46d8-aa61-a20af4f0ce4d
iOS_4301692369122431@maildrop.cc,https://site-mkt-stage.artbasel.com/access?action=activationps&email=ios_4301692369122431%40maildrop.cc&token=7d3d2b42-0d12-4ef0-8a26-4e95047c269c
iOS_8651692369124246@maildrop.cc,https://site-mkt-stage.artbasel.com/access?action=activationps&email=ios_8651692369124246%40maildrop.cc&token=b0086c5c-2524-41ee-863f-e2fdc894cd94
iOS_8161692369138560@maildrop.cc,https://site-mkt-stage.artbasel.com/access?action=activationps&email=ios_8161692369138560%40maildrop.cc&token=1320a618-4665-4c38-95ce-1cc17601e7f0
iOS_7471692369140927@maildrop.cc,https://site-mkt-stage.artbasel.com/access?action=activationps&email=ios_7471692369140927%40maildrop.cc&token=c579950a-e15f-4a72-b993-504a72dc2a1f
iOS_9811692369152999@maildrop.cc,https://site-mkt-stage.artbasel.com/access?action=activationps&email=ios_9811692369152999%40maildrop.cc&token=7437f29b-ddfc-4171-b112-73d5886c2af4
iOS_381692369159931@maildrop.cc,https://site-mkt-stage.artbasel.com/access?action=activationps&email=ios_381692369159931%40maildrop.cc&token=6b05bb16-42d1-4e19-a5ab-296b3af4996d
iOS_9081692369170315@maildrop.cc,https://site-mkt-stage.artbasel.com/access?action=activationps&email=ios_9081692369170315%40maildrop.cc&token=2d0cacb7-cf8e-4801-a84b-81f729d28209
iOS_6301692369177372@maildrop.cc,https://site-mkt-stage.artbasel.com/access?action=activationps&email=ios_6301692369177372%40maildrop.cc&token=1248c69f-397e-44da-a261-e31b14c033a8
iOS_2801692369210967@maildrop.cc,https://site-mkt-stage.artbasel.com/access?action=activationps&email=ios_2801692369210967%40maildrop.cc&token=923c1511-fbab-45c1-acb1-0691933dbf0b
iOS_5961692369213024@maildrop.cc,https://site-mkt-stage.artbasel.com/access?action=activationps&email=ios_5961692369213024%40maildrop.cc&token=e1ae6d2d-0c5c-493d-9a06-ca2423b65ca0
iOS_8691692369262713@maildrop.cc,https://site-mkt-stage.artbasel.com/access?action=activationps&email=ios_8691692369262713%40maildrop.cc&token=08148877-bb7d-472d-9299-8562edec3e7f
iOS_7421692369264910@maildrop.cc,https://site-mkt-stage.artbasel.com/access?action=activationps&email=ios_7421692369264910%40maildrop.cc&token=217d5fa7-7e11-40a0-a60b-4aaff7fa0204
iOS_6451692369275397@maildrop.cc,https://site-mkt-stage.artbasel.com/access?action=activationps&email=ios_6451692369275397%40maildrop.cc&token=7ce46792-7dcf-4536-88e0-dcc27cd191d7
iOS_131692369283098@maildrop.cc,https://site-mkt-stage.artbasel.com/access?action=activationps&email=ios_131692369283098%40maildrop.cc&token=0e6f6d5e-6da0-44b1-ba73-a873c62b61c4
iOS_4341692369288863@maildrop.cc,https://site-mkt-stage.artbasel.com/access?action=activationps&email=ios_4341692369288863%40maildrop.cc&token=f288aa98-cb9b-4e02-8abe-f58839a1a3af
iOS_7681692369300242@maildrop.cc,https://site-mkt-stage.artbasel.com/access?action=activationps&email=ios_7681692369300242%40maildrop.cc&token=148df00b-6700-4c73-aec5-efe739805cee
iOS_3161692369305159@maildrop.cc,https://site-mkt-stage.artbasel.com/access?action=activationps&email=ios_3161692369305159%40maildrop.cc&token=3fc29bd2-a705-46fb-85db-4842da559afd
iOS_6971692369315134@maildrop.cc,https://site-mkt-stage.artbasel.com/access?action=activationps&email=ios_6971692369315134%40maildrop.cc&token=e7330513-e9b2-4ff1-8c8b-e7ea52eb1460
iOS_1401692369327505@maildrop.cc,https://site-mkt-stage.artbasel.com/access?action=activationps&email=ios_1401692369327505%40maildrop.cc&token=f875faed-75a2-4fd8-bd31-5f59bc56cedd
iOS_9561692369332054@maildrop.cc,https://site-mkt-stage.artbasel.com/access?action=activationps&email=ios_9561692369332054%40maildrop.cc&token=02f7834b-a807-45b0-a5d7-11710ab6c86a
iOS_9881692369344243@maildrop.cc,https://site-mkt-stage.artbasel.com/access?action=activationps&email=ios_9881692369344243%40maildrop.cc&token=12efaaa3-f794-4962-b44e-5ab2f0cbc01f
iOS_2161692369349154@maildrop.cc,https://site-mkt-stage.artbasel.com/access?action=activationps&email=ios_2161692369349154%40maildrop.cc&token=399e37e7-61d2-4695-a8a7-bb0ae110d88e
iOS_1811692369358991@maildrop.cc,https://site-mkt-stage.artbasel.com/access?action=activationps&email=ios_1811692369358991%40maildrop.cc&token=6facca64-d4d6-4867-9624-2c44b65cd661
iOS_3261692369364004@maildrop.cc,https://site-mkt-stage.artbasel.com/access?action=activationps&email=ios_3261692369364004%40maildrop.cc&token=02c85048-45fc-4469-b52f-7c6f2122eb19
iOS_71692369376193@maildrop.cc,https://site-mkt-stage.artbasel.com/access?action=activationps&email=ios_71692369376193%40maildrop.cc&token=0f777454-4f4d-4490-b5e4-32fc5011712a
iOS_8351692369377669@maildrop.cc,https://site-mkt-stage.artbasel.com/access?action=activationps&email=ios_8351692369377669%40maildrop.cc&token=662c8d98-653c-411a-a9db-050e945958e1
iOS_3551692369391899@maildrop.cc,https://site-mkt-stage.artbasel.com/access?action=activationps&email=ios_3551692369391899%40maildrop.cc&token=03651771-6a64-4a19-bc86-3f3ba1c387ee
iOS_9121692369390744@maildrop.cc,https://site-mkt-stage.artbasel.com/access?action=activationps&email=ios_9121692369390744%40maildrop.cc&token=2700d5a9-4e22-4cba-a5b7-737a4a87ea2c
iOS_2101692369407291@maildrop.cc,https://site-mkt-stage.artbasel.com/access?action=activationps&email=ios_2101692369407291%40maildrop.cc&token=20c6dce1-0eb4-426b-a9d4-675747371f69
iOS_2151692369408792@maildrop.cc,https://site-mkt-stage.artbasel.com/access?action=activationps&email=ios_2151692369408792%40maildrop.cc&token=364a2a8b-6459-4c05-89ac-e9e48002f817
iOS_8691692369425098@maildrop.cc,https://site-mkt-stage.artbasel.com/access?action=activationps&email=ios_8691692369425098%40maildrop.cc&token=6d9e5cfc-4059-46cc-9fa5-1b8f8419dab7
iOS_9821692369422505@maildrop.cc,https://site-mkt-stage.artbasel.com/access?action=activationps&email=ios_9821692369422505%40maildrop.cc&token=a1b588a6-101b-45e7-b50c-65efdaf94c65
iOS_4621692369437684@maildrop.cc,https://site-mkt-stage.artbasel.com/access?action=activationps&email=ios_4621692369437684%40maildrop.cc&token=2d471460-f9a8-4ac4-8c1a-1f77fccc019b
iOS_5081692369438604@maildrop.cc,https://site-mkt-stage.artbasel.com/access?action=activationps&email=ios_5081692369438604%40maildrop.cc&token=9e5469d4-9558-4a04-b228-272d70a7bcc6
iOS_1451692369458284@maildrop.cc,https://site-mkt-stage.artbasel.com/access?action=activationps&email=ios_1451692369458284%40maildrop.cc&token=08345958-062c-4ae0-bb50-e4e4579b38fa
iOS_3731692369455277@maildrop.cc,https://site-mkt-stage.artbasel.com/access?action=activationps&email=ios_3731692369455277%40maildrop.cc&token=03910fed-7e5d-422d-b788-dc7fbd40fd4b
iOS_7621692369472951@maildrop.cc,https://site-mkt-stage.artbasel.com/access?action=activationps&email=ios_7621692369472951%40maildrop.cc&token=c5e3cd3e-0629-43de-bc39-e0205ae38d5b
iOS_8501692369474791@maildrop.cc,https://site-mkt-stage.artbasel.com/access?action=activationps&email=ios_8501692369474791%40maildrop.cc&token=f1bf6a7b-6fe1-47b1-8aa1-ac9be74a5990
iOS_2671692369485650@maildrop.cc,https://site-mkt-stage.artbasel.com/access?action=activationps&email=ios_2671692369485650%40maildrop.cc&token=6b56823f-f8b5-45e0-a7fd-ef427ff6878c
iOS_2621692369489510@maildrop.cc,https://site-mkt-stage.artbasel.com/access?action=activationps&email=ios_2621692369489510%40maildrop.cc&token=4f264c3c-4789-415f-9403-f2c610ce8998
iOS_9401692369497625@maildrop.cc,https://site-mkt-stage.artbasel.com/access?action=activationps&email=ios_9401692369497625%40maildrop.cc&token=16bd1c25-aae8-49ab-9815-f2850932d68f
iOS_1321692369506445@maildrop.cc,https://site-mkt-stage.artbasel.com/access?action=activationps&email=ios_1321692369506445%40maildrop.cc&token=005f2278-d3db-4c73-ab93-1b90ea7c395f
iOS_951692369511954@maildrop.cc,https://site-mkt-stage.artbasel.com/access?action=activationps&email=ios_951692369511954%40maildrop.cc&token=3bf387e5-2512-458e-9e7a-17c1bc79437f
iOS_5411692369522893@maildrop.cc,https://site-mkt-stage.artbasel.com/access?action=activationps&email=ios_5411692369522893%40maildrop.cc&token=b42cc011-2f5a-418d-9adc-670ca40d3aef
iOS_2901692369532285@maildrop.cc,https://site-mkt-stage.artbasel.com/access?action=activationps&email=ios_2901692369532285%40maildrop.cc&token=614b4144-aa52-4825-a060-fa98e53b04d5
iOS_1011692369539586@maildrop.cc,https://site-mkt-stage.artbasel.com/access?action=activationps&email=ios_1011692369539586%40maildrop.cc&token=99426775-1a6c-48d2-be07-93b4430776ee
iOS_951692369546744@maildrop.cc,https://site-mkt-stage.artbasel.com/access?action=activationps&email=ios_951692369546744%40maildrop.cc&token=0b653887-bdf2-40ce-87e6-8577d445c193
iOS_8571692369553228@maildrop.cc,https://site-mkt-stage.artbasel.com/access?action=activationps&email=ios_8571692369553228%40maildrop.cc&token=224d1f69-5d50-44b6-8979-2003ea2f2cbd
iOS_9581692369560912@maildrop.cc,https://site-mkt-stage.artbasel.com/access?action=activationps&email=ios_9581692369560912%40maildrop.cc&token=c104ec2f-dd3b-4530-985c-deaae2e0df9a
iOS_6661692369569648@maildrop.cc,https://site-mkt-stage.artbasel.com/access?action=activationps&email=ios_6661692369569648%40maildrop.cc&token=6d2d2a8e-4415-4018-8d69-9268965a8695
iOS_6931692369574698@maildrop.cc,https://site-mkt-stage.artbasel.com/access?action=activationps&email=ios_6931692369574698%40maildrop.cc&token=1973a222-8d5c-46b1-bf9c-f911af9a6ca0
iOS_7571692369584318@maildrop.cc,https://site-mkt-stage.artbasel.com/access?action=activationps&email=ios_7571692369584318%40maildrop.cc&token=e78183e5-bc38-4334-99fa-4b5b32b54b7d
iOS_3461692369591708@maildrop.cc,https://site-mkt-stage.artbasel.com/access?action=activationps&email=ios_3461692369591708%40maildrop.cc&token=63b1d9a8-d1b6-4869-8642-c31e5dd55033
iOS_5261692369599499@maildrop.cc,https://site-mkt-stage.artbasel.com/access?action=activationps&email=ios_5261692369599499%40maildrop.cc&token=3f715746-4459-465f-8e62-2652547504b0
iOS_9181692369612920@maildrop.cc,https://site-mkt-stage.artbasel.com/access?action=activationps&email=ios_9181692369612920%40maildrop.cc&token=29656729-bf7b-44c3-aaa8-0580ff5ba1d0
iOS_8541692369625022@maildrop.cc,https://site-mkt-stage.artbasel.com/access?action=activationps&email=ios_8541692369625022%40maildrop.cc&token=5ab564d8-ffd7-4279-bc74-22bc5ec64a88
iOS_3551692369627799@maildrop.cc,https://site-mkt-stage.artbasel.com/access?action=activationps&email=ios_3551692369627799%40maildrop.cc&token=8742f1d2-c936-4654-bbe9-85271f772cf5
iOS_2451692369639470@maildrop.cc,https://site-mkt-stage.artbasel.com/access?action=activationps&email=ios_2451692369639470%40maildrop.cc&token=8210191d-34b9-4471-a370-2d5b882de5eb
iOS_9021692369645041@maildrop.cc,https://site-mkt-stage.artbasel.com/access?action=activationps&email=ios_9021692369645041%40maildrop.cc&token=85b74e3e-b6be-4dd2-b8c2-b6e8d50316d0
iOS_8791692369658609@maildrop.cc,https://site-mkt-stage.artbasel.com/access?action=activationps&email=ios_8791692369658609%40maildrop.cc&token=829eb65b-b928-4cb7-ad98-065ab59b6882
iOS_3011692369655932@maildrop.cc,https://site-mkt-stage.artbasel.com/access?action=activationps&email=ios_3011692369655932%40maildrop.cc&token=1c776d8c-edaa-44cf-b6cd-c59e4568853b
iOS_7811692369672070@maildrop.cc,https://site-mkt-stage.artbasel.com/access?action=activationps&email=ios_7811692369672070%40maildrop.cc&token=b3cd1c0a-ee96-4000-a022-eec6cbf625de
iOS_7091692369673135@maildrop.cc,https://site-mkt-stage.artbasel.com/access?action=activationps&email=ios_7091692369673135%40maildrop.cc&token=9c8833a8-521f-4c18-8eda-69a1798403e6
iOS_1251692369688398@maildrop.cc,https://site-mkt-stage.artbasel.com/access?action=activationps&email=ios_1251692369688398%40maildrop.cc&token=cd5ed8a4-cd41-4d39-baae-30d81f0dcae2
iOS_5671692369688017@maildrop.cc,https://site-mkt-stage.artbasel.com/access?action=activationps&email=ios_5671692369688017%40maildrop.cc&token=a7cf066d-7725-408b-8b21-6a621b7c5f14
iOS_5881692369703228@maildrop.cc,https://site-mkt-stage.artbasel.com/access?action=activationps&email=ios_5881692369703228%40maildrop.cc&token=4531f509-4e7d-4458-bffc-e8e8acb19113
iOS_1821692369704703@maildrop.cc,https://site-mkt-stage.artbasel.com/access?action=activationps&email=ios_1821692369704703%40maildrop.cc&token=1c1c318f-5f8c-4f0d-a4c1-3cb33272629b
iOS_6231692369719407@maildrop.cc,https://site-mkt-stage.artbasel.com/access?action=activationps&email=ios_6231692369719407%40maildrop.cc&token=72196f79-fa36-4fd2-8725-932090efeefe
iOS_1631692369722329@maildrop.cc,https://site-mkt-stage.artbasel.com/access?action=activationps&email=ios_1631692369722329%40maildrop.cc&token=d8ceb318-fa31-4ae8-8f15-3e55a3ebb5ad
iOS_5591692369733061@maildrop.cc,https://site-mkt-stage.artbasel.com/access?action=activationps&email=ios_5591692369733061%40maildrop.cc&token=9267f720-d32b-458f-8901-2c1ee8187302
iOS_6901692369737217@maildrop.cc,https://site-mkt-stage.artbasel.com/access?action=activationps&email=ios_6901692369737217%40maildrop.cc&token=5b779b5c-1e61-47f1-8906-27347cbfaae3
iOS_9571692369748921@maildrop.cc,https://site-mkt-stage.artbasel.com/access?action=activationps&email=ios_9571692369748921%40maildrop.cc&token=51d6bc6a-8c11-46a2-acce-05db462d52fa
iOS_9841692369750376@maildrop.cc,https://site-mkt-stage.artbasel.com/access?action=activationps&email=ios_9841692369750376%40maildrop.cc&token=5fb9f424-0908-4647-abdd-e5d958dd2a43
iOS_4041692369762800@maildrop.cc,https://site-mkt-stage.artbasel.com/access?action=activationps&email=ios_4041692369762800%40maildrop.cc&token=f2c4dd10-8903-4abe-8091-663be5d15bd5
iOS_7241692369765245@maildrop.cc,https://site-mkt-stage.artbasel.com/access?action=activationps&email=ios_7241692369765245%40maildrop.cc&token=1aaeecf4-9ab2-47cc-ab7b-abc88d4a2006
iOS_8481692369775751@maildrop.cc,https://site-mkt-stage.artbasel.com/access?action=activationps&email=ios_8481692369775751%40maildrop.cc&token=0ac4aa89-1675-4ab0-a029-4b375ab2be01
iOS_5701692369780138@maildrop.cc,https://site-mkt-stage.artbasel.com/access?action=activationps&email=ios_5701692369780138%40maildrop.cc&token=d4eb666b-926b-4ede-ae34-a83faec3abb9
iOS_1201692369790946@maildrop.cc,https://site-mkt-stage.artbasel.com/access?action=activationps&email=ios_1201692369790946%40maildrop.cc&token=73dd1fa6-2302-44e9-9a29-891de8833525
iOS_6171692369792440@maildrop.cc,https://site-mkt-stage.artbasel.com/access?action=activationps&email=ios_6171692369792440%40maildrop.cc&token=3445ff16-3512-4462-b604-38cec6717f78
iOS_9801692369805754@maildrop.cc,https://site-mkt-stage.artbasel.com/access?action=activationps&email=ios_9801692369805754%40maildrop.cc&token=c63838b8-19ad-4c2e-8122-53d1ca841175
iOS_4471692369809305@maildrop.cc,https://site-mkt-stage.artbasel.com/access?action=activationps&email=ios_4471692369809305%40maildrop.cc&token=0a019ce4-054d-4f13-933b-96d1eed83500
iOS_2191692369823680@maildrop.cc,https://site-mkt-stage.artbasel.com/access?action=activationps&email=ios_2191692369823680%40maildrop.cc&token=63db8d67-9a71-44b5-b156-1bfa795a8b65
iOS_8321692369824166@maildrop.cc,https://site-mkt-stage.artbasel.com/access?action=activationps&email=ios_8321692369824166%40maildrop.cc&token=cf123a7f-d8e3-4674-a2e1-7b1d9e495d68
iOS_4181692369840144@maildrop.cc,https://site-mkt-stage.artbasel.com/access?action=activationps&email=ios_4181692369840144%40maildrop.cc&token=0650984d-45fd-4d23-a5c5-998f5d63933e
iOS_2301692369841290@maildrop.cc,https://site-mkt-stage.artbasel.com/access?action=activationps&email=ios_2301692369841290%40maildrop.cc&token=6f38a3ad-27fb-42d3-9a2b-944a1eb25016
iOS_3681692369854443@maildrop.cc,https://site-mkt-stage.artbasel.com/access?action=activationps&email=ios_3681692369854443%40maildrop.cc&token=c651dae0-12ba-40e6-90ae-f91c98ca54de
iOS_6771692369855235@maildrop.cc,https://site-mkt-stage.artbasel.com/access?action=activationps&email=ios_6771692369855235%40maildrop.cc&token=3658b22b-b91d-45fc-b34d-58e5daf7cca5
iOS_3281692369870605@maildrop.cc,https://site-mkt-stage.artbasel.com/access?action=activationps&email=ios_3281692369870605%40maildrop.cc&token=bd15e2e9-60c4-48f8-be22-5b5bf81df15f
iOS_8781692369871981@maildrop.cc,https://site-mkt-stage.artbasel.com/access?action=activationps&email=ios_8781692369871981%40maildrop.cc&token=d788d8e3-c031-4ae4-9dc8-e3037790ecc5
iOS_1591692369888125@maildrop.cc,https://site-mkt-stage.artbasel.com/access?action=activationps&email=ios_1591692369888125%40maildrop.cc&token=5e94fd1e-60e5-4b42-a900-56d7c739c034
iOS_2441692369888040@maildrop.cc,https://site-mkt-stage.artbasel.com/access?action=activationps&email=ios_2441692369888040%40maildrop.cc&token=40989bd5-5cd6-4bd9-9e9d-046f85ae42af
iOS_5081692369904308@maildrop.cc,https://site-mkt-stage.artbasel.com/access?action=activationps&email=ios_5081692369904308%40maildrop.cc&token=b9609147-297d-4c33-875b-a87c0a7d71b0
iOS_7721692369905996@maildrop.cc,https://site-mkt-stage.artbasel.com/access?action=activationps&email=ios_7721692369905996%40maildrop.cc&token=7fa66cfd-95cb-48f9-804f-9f6533a76d17
iOS_3971692369921802@maildrop.cc,https://site-mkt-stage.artbasel.com/access?action=activationps&email=ios_3971692369921802%40maildrop.cc&token=0ab717a8-0376-4c0d-9fed-5960a91d7ccd
iOS_31692369926428@maildrop.cc,https://site-mkt-stage.artbasel.com/access?action=activationps&email=ios_31692369926428%40maildrop.cc&token=7f64d373-7e5c-4c0d-89c7-1b194c50b252
iOS_6871692369938730@maildrop.cc,https://site-mkt-stage.artbasel.com/access?action=activationps&email=ios_6871692369938730%40maildrop.cc&token=ffdd4a0b-8008-48ff-b997-abca5a5933ee
iOS_6281692369942212@maildrop.cc,https://site-mkt-stage.artbasel.com/access?action=activationps&email=ios_6281692369942212%40maildrop.cc&token=b397daf4-9844-4bb3-8adb-bdea3fe714ca
iOS_441692369954281@maildrop.cc,https://site-mkt-stage.artbasel.com/access?action=activationps&email=ios_441692369954281%40maildrop.cc&token=d17e4d95-5878-4ad0-bf98-56baa952c1af
iOS_5421692369956670@maildrop.cc,https://site-mkt-stage.artbasel.com/access?action=activationps&email=ios_5421692369956670%40maildrop.cc&token=ccd2876e-232d-48e0-9a9f-126137d2ee9b
iOS_8761692369969389@maildrop.cc,https://site-mkt-stage.artbasel.com/access?action=activationps&email=ios_8761692369969389%40maildrop.cc&token=7916c6ed-ad9b-4a07-908a-234d8d81f37b
iOS_4711692369973094@maildrop.cc,https://site-mkt-stage.artbasel.com/access?action=activationps&email=ios_4711692369973094%40maildrop.cc&token=ad862d77-ef1c-4a8d-8084-5616fb56ad3a
iOS_4421692369988404@maildrop.cc,https://site-mkt-stage.artbasel.com/access?action=activationps&email=ios_4421692369988404%40maildrop.cc&token=7dd75dc8-5441-41f2-ad20-a07f08a29131
iOS_551692369989194@maildrop.cc,https://site-mkt-stage.artbasel.com/access?action=activationps&email=ios_551692369989194%40maildrop.cc&token=bf20af80-6c16-48a6-851e-a4b5fd7983ed
iOS_7151692370002642@maildrop.cc,https://site-mkt-stage.artbasel.com/access?action=activationps&email=ios_7151692370002642%40maildrop.cc&token=4d08b80e-d5d9-4a2a-bb67-5eb94748e276
iOS_8371692370004766@maildrop.cc,https://site-mkt-stage.artbasel.com/access?action=activationps&email=ios_8371692370004766%40maildrop.cc&token=a2d29d5b-8096-4f5f-b151-46ad27ffe3f9
iOS_921692370020979@maildrop.cc,https://site-mkt-stage.artbasel.com/access?action=activationps&email=ios_921692370020979%40maildrop.cc&token=7c359c50-b72b-4d6b-a8a8-b83cfcdd30e3
iOS_4081692370034949@maildrop.cc,https://site-mkt-stage.artbasel.com/access?action=activationps&email=ios_4081692370034949%40maildrop.cc&token=28f97b79-4b56-42e5-a7f8-01e0d4ab70af
iOS_2961692370032714@maildrop.cc,https://site-mkt-stage.artbasel.com/access?action=activationps&email=ios_2961692370032714%40maildrop.cc&token=ccb730c6-0a46-42ce-acb5-ad0897be971b
iOS_5481692370050430@maildrop.cc,https://site-mkt-stage.artbasel.com/access?action=activationps&email=ios_5481692370050430%40maildrop.cc&token=20820202-5e27-45d3-a774-311f559d3f86
iOS_5271692370053074@maildrop.cc,https://site-mkt-stage.artbasel.com/access?action=activationps&email=ios_5271692370053074%40maildrop.cc&token=933ecadf-d73e-4a17-b47a-3d3a0428c86a
iOS_9831692370067339@maildrop.cc,https://site-mkt-stage.artbasel.com/access?action=activationps&email=ios_9831692370067339%40maildrop.cc&token=8ea91099-db80-4f9a-8a78-9671fac2eab5
iOS_9271692370069317@maildrop.cc,https://site-mkt-stage.artbasel.com/access?action=activationps&email=ios_9271692370069317%40maildrop.cc&token=3843255e-e336-4abd-b7d2-47564be48bd1
iOS_1541692370079176@maildrop.cc,https://site-mkt-stage.artbasel.com/access?action=activationps&email=ios_1541692370079176%40maildrop.cc&token=2504118b-f60f-4d00-8ac8-8d3d2f48bb0f
iOS_601692370086517@maildrop.cc,https://site-mkt-stage.artbasel.com/access?action=activationps&email=ios_601692370086517%40maildrop.cc&token=217df89b-059d-40e5-827e-6e05f42b876d
iOS_4741692370096078@maildrop.cc,https://site-mkt-stage.artbasel.com/access?action=activationps&email=ios_4741692370096078%40maildrop.cc&token=cfccd634-d600-457c-8fc3-125b771e581e
iOS_6251692370099449@maildrop.cc,https://site-mkt-stage.artbasel.com/access?action=activationps&email=ios_6251692370099449%40maildrop.cc&token=3f60a8a8-1067-4c31-8b7a-c0b6b180c3d5
iOS_1611692370111485@maildrop.cc,https://site-mkt-stage.artbasel.com/access?action=activationps&email=ios_1611692370111485%40maildrop.cc&token=42afd443-ec1c-493c-92d1-f96f93ede3b7
iOS_3151692370116071@maildrop.cc,https://site-mkt-stage.artbasel.com/access?action=activationps&email=ios_3151692370116071%40maildrop.cc&token=0ce3b785-823f-4e73-8c36-7d68b3c902c3
iOS_6151692370126545@maildrop.cc,https://site-mkt-stage.artbasel.com/access?action=activationps&email=ios_6151692370126545%40maildrop.cc&token=c2e23435-fb63-44cc-81cb-b433fdfe5056
iOS_3871692370131978@maildrop.cc,https://site-mkt-stage.artbasel.com/access?action=activationps&email=ios_3871692370131978%40maildrop.cc&token=67d6707d-3685-4b06-bddf-688214fc4fd1
iOS_3801692370139417@maildrop.cc,https://site-mkt-stage.artbasel.com/access?action=activationps&email=ios_3801692370139417%40maildrop.cc&token=7b73180f-46b6-4f20-9e09-99bd94eb6c99
iOS_4041692370147995@maildrop.cc,https://site-mkt-stage.artbasel.com/access?action=activationps&email=ios_4041692370147995%40maildrop.cc&token=d1db18b2-312f-4d6b-90ed-6ae7b53a1444
iOS_2741692370153536@maildrop.cc,https://site-mkt-stage.artbasel.com/access?action=activationps&email=ios_2741692370153536%40maildrop.cc&token=6cc9eca1-71f7-4116-b471-80fb6235645e
iOS_6541692370164857@maildrop.cc,https://site-mkt-stage.artbasel.com/access?action=activationps&email=ios_6541692370164857%40maildrop.cc&token=75852f24-1c44-4db9-998d-9d1acf6fffb3
iOS_7911692370169881@maildrop.cc,https://site-mkt-stage.artbasel.com/access?action=activationps&email=ios_7911692370169881%40maildrop.cc&token=f88ad4ad-5527-4b9c-ac3d-ddbec4ea2c8a
iOS_5071692370180616@maildrop.cc,https://site-mkt-stage.artbasel.com/access?action=activationps&email=ios_5071692370180616%40maildrop.cc&token=ce21c853-9920-42b0-ad36-2ff442c24f6e
iOS_6931692370185302@maildrop.cc,https://site-mkt-stage.artbasel.com/access?action=activationps&email=ios_6931692370185302%40maildrop.cc&token=e2e2f951-d471-4c5b-bfc7-b6416d81530f
iOS_721692370193273@maildrop.cc,https://site-mkt-stage.artbasel.com/access?action=activationps&email=ios_721692370193273%40maildrop.cc&token=98415080-6886-4f76-8b47-14137fef5319
iOS_6811692370197335@maildrop.cc,https://site-mkt-stage.artbasel.com/access?action=activationps&email=ios_6811692370197335%40maildrop.cc&token=81985c68-52e6-4e9b-9d42-b1abe528d11f
iOS_4661692370209281@maildrop.cc,https://site-mkt-stage.artbasel.com/access?action=activationps&email=ios_4661692370209281%40maildrop.cc&token=263969be-2787-4c08-9ece-45c276be2aba
iOS_8621692370219440@maildrop.cc,https://site-mkt-stage.artbasel.com/access?action=activationps&email=ios_8621692370219440%40maildrop.cc&token=2fdbea1c-079c-4e5b-9a3b-d10cb9cc1c95
iOS_481692370224969@maildrop.cc,https://site-mkt-stage.artbasel.com/access?action=activationps&email=ios_481692370224969%40maildrop.cc&token=3f6de370-2ea8-47ff-92cb-02336d7469ef
iOS_7931692370231664@maildrop.cc,https://site-mkt-stage.artbasel.com/access?action=activationps&email=ios_7931692370231664%40maildrop.cc&token=ff931c26-e08c-4e38-9cd1-0d362718b903
iOS_9971692370240917@maildrop.cc,https://site-mkt-stage.artbasel.com/access?action=activationps&email=ios_9971692370240917%40maildrop.cc&token=233c1d78-47fa-4fc8-a937-176cf373b294
iOS_7981692370248028@maildrop.cc,https://site-mkt-stage.artbasel.com/access?action=activationps&email=ios_7981692370248028%40maildrop.cc&token=7bab7bc7-29ee-420d-beac-efdfe4cbdc3f
iOS_6241692370255087@maildrop.cc,https://site-mkt-stage.artbasel.com/access?action=activationps&email=ios_6241692370255087%40maildrop.cc&token=5ca75efe-2e3e-4d04-bdc6-cbc96a3dc738
iOS_2231692370261281@maildrop.cc,https://site-mkt-stage.artbasel.com/access?action=activationps&email=ios_2231692370261281%40maildrop.cc&token=6a1c0ba0-5764-4371-a638-73fe5252df5c
iOS_691692370267897@maildrop.cc,https://site-mkt-stage.artbasel.com/access?action=activationps&email=ios_691692370267897%40maildrop.cc&token=e8e800bf-55eb-4ec9-9d22-e16ea70c4d33
iOS_4041692370277199@maildrop.cc,https://site-mkt-stage.artbasel.com/access?action=activationps&email=ios_4041692370277199%40maildrop.cc&token=44ac1612-3cb4-4563-be0f-193dae191e54
iOS_2381692370294531@maildrop.cc,https://site-mkt-stage.artbasel.com/access?action=activationps&email=ios_2381692370294531%40maildrop.cc&token=1174a009-c8e9-4f26-93d9-69d403289465
iOS_5931692370301269@maildrop.cc,https://site-mkt-stage.artbasel.com/access?action=activationps&email=ios_5931692370301269%40maildrop.cc&token=dc8db23c-2987-4b3e-bf3f-d28f11233775
iOS_5251692370310617@maildrop.cc,https://site-mkt-stage.artbasel.com/access?action=activationps&email=ios_5251692370310617%40maildrop.cc&token=1eb06c35-50ab-4cb7-96a2-99ba95f71160
iOS_9231692370319487@maildrop.cc,https://site-mkt-stage.artbasel.com/access?action=activationps&email=ios_9231692370319487%40maildrop.cc&token=9704bca2-80d2-43d8-b084-74e0caa68794
iOS_6371692370328494@maildrop.cc,https://site-mkt-stage.artbasel.com/access?action=activationps&email=ios_6371692370328494%40maildrop.cc&token=a6fc5396-9325-4df6-ae04-d42f4042626f
iOS_2991692370332219@maildrop.cc,https://site-mkt-stage.artbasel.com/access?action=activationps&email=ios_2991692370332219%40maildrop.cc&token=d242fcac-2972-4c87-8d39-64d66d79a670
iOS_6731692370344973@maildrop.cc,https://site-mkt-stage.artbasel.com/access?action=activationps&email=ios_6731692370344973%40maildrop.cc&token=9a7c876e-3ae8-41f4-ba20-e8fc80b7eddc
iOS_9611692370346063@maildrop.cc,https://site-mkt-stage.artbasel.com/access?action=activationps&email=ios_9611692370346063%40maildrop.cc&token=f4603231-a1f3-4017-904d-5610ab3cf603
iOS_8771692370358853@maildrop.cc,https://site-mkt-stage.artbasel.com/access?action=activationps&email=ios_8771692370358853%40maildrop.cc&token=e63eabb3-e047-48d9-b6ef-0aa8d91ce4ca
iOS_5301692370363344@maildrop.cc,https://site-mkt-stage.artbasel.com/access?action=activationps&email=ios_5301692370363344%40maildrop.cc&token=a3778219-925b-42f7-8c85-50b0ee59ce36
iOS_5731692370376564@maildrop.cc,https://site-mkt-stage.artbasel.com/access?action=activationps&email=ios_5731692370376564%40maildrop.cc&token=ab5debca-b91d-49e5-a948-49022bd97d4e
iOS_3771692370379654@maildrop.cc,https://site-mkt-stage.artbasel.com/access?action=activationps&email=ios_3771692370379654%40maildrop.cc&token=934f6b93-395b-4f04-9cf1-865a6e3247a0
iOS_5761692370390715@maildrop.cc,https://site-mkt-stage.artbasel.com/access?action=activationps&email=ios_5761692370390715%40maildrop.cc&token=57c8ad09-4eed-405d-a8bd-848bf1c5ea98
iOS_1511692370396044@maildrop.cc,https://site-mkt-stage.artbasel.com/access?action=activationps&email=ios_1511692370396044%40maildrop.cc&token=4d77c39f-507e-4456-989c-c7435bd21b25
iOS_8071692370405625@maildrop.cc,https://site-mkt-stage.artbasel.com/access?action=activationps&email=ios_8071692370405625%40maildrop.cc&token=99497d44-c57f-42aa-b8ef-df4085b33a70
iOS_7821692370410027@maildrop.cc,https://site-mkt-stage.artbasel.com/access?action=activationps&email=ios_7821692370410027%40maildrop.cc&token=5d96e135-29bf-4b4e-8550-6f3f73cd7a0b
iOS_9981692370418719@maildrop.cc,https://site-mkt-stage.artbasel.com/access?action=activationps&email=ios_9981692370418719%40maildrop.cc&token=d8ad6ce0-329f-489d-8375-f62ac4772a47
iOS_3761692370431678@maildrop.cc,https://site-mkt-stage.artbasel.com/access?action=activationps&email=ios_3761692370431678%40maildrop.cc&token=02dc3534-8f05-488d-949c-0f661e874388
iOS_2561692370431116@maildrop.cc,https://site-mkt-stage.artbasel.com/access?action=activationps&email=ios_2561692370431116%40maildrop.cc&token=4848c74d-57dd-4964-bdfc-91582937f7f2
iOS_4551692370444464@maildrop.cc,https://site-mkt-stage.artbasel.com/access?action=activationps&email=ios_4551692370444464%40maildrop.cc&token=bcac95a7-3b20-4e09-8155-62e3c77f1290
iOS_2331692370448673@maildrop.cc,https://site-mkt-stage.artbasel.com/access?action=activationps&email=ios_2331692370448673%40maildrop.cc&token=894e0662-74e8-4f48-9926-51c77c2a87e1
iOS_7771692370461468@maildrop.cc,https://site-mkt-stage.artbasel.com/access?action=activationps&email=ios_7771692370461468%40maildrop.cc&token=44d2bd85-53ee-4a83-9025-af1dcd5ed1da
iOS_1061692370464136@maildrop.cc,https://site-mkt-stage.artbasel.com/access?action=activationps&email=ios_1061692370464136%40maildrop.cc&token=3b3f6c6b-9f10-4358-8956-604a1bd4b42b
iOS_9921692370476954@maildrop.cc,https://site-mkt-stage.artbasel.com/access?action=activationps&email=ios_9921692370476954%40maildrop.cc&token=1a3ebd12-4b7c-40c2-9f8c-faca6dd1de60
iOS_5181692370479330@maildrop.cc,https://site-mkt-stage.artbasel.com/access?action=activationps&email=ios_5181692370479330%40maildrop.cc&token=920ef25b-c40d-4e46-9ed3-6a4af9e23e8e
iOS_3551692370494948@maildrop.cc,https://site-mkt-stage.artbasel.com/access?action=activationps&email=ios_3551692370494948%40maildrop.cc&token=27c15307-fb68-4570-90ac-cba9531759c0
iOS_991692370494456@maildrop.cc,https://site-mkt-stage.artbasel.com/access?action=activationps&email=ios_991692370494456%40maildrop.cc&token=949ac658-a617-4043-af0a-4405614b3bd3
iOS_8621692370508276@maildrop.cc,https://site-mkt-stage.artbasel.com/access?action=activationps&email=ios_8621692370508276%40maildrop.cc&token=2e420e1f-3a3f-40c8-8870-afdefab98b76
iOS_5611692370509726@maildrop.cc,https://site-mkt-stage.artbasel.com/access?action=activationps&email=ios_5611692370509726%40maildrop.cc&token=917edddf-cae6-4972-89c9-1401ff3e0010
iOS_3931692370523491@maildrop.cc,https://site-mkt-stage.artbasel.com/access?action=activationps&email=ios_3931692370523491%40maildrop.cc&token=1710de91-8312-477a-ba07-29043ddcd2f6
iOS_3031692370524344@maildrop.cc,https://site-mkt-stage.artbasel.com/access?action=activationps&email=ios_3031692370524344%40maildrop.cc&token=b0c2657e-ff9f-4e0a-8347-269d665a13ed
iOS_5891692370540995@maildrop.cc,https://site-mkt-stage.artbasel.com/access?action=activationps&email=ios_5891692370540995%40maildrop.cc&token=162df77a-d9f8-4f0f-99ee-818d431a1ed6
iOS_601692370538871@maildrop.cc,https://site-mkt-stage.artbasel.com/access?action=activationps&email=ios_601692370538871%40maildrop.cc&token=037f8bd1-decd-4d8e-b3c8-43a1a28a24af
iOS_4211692370554625@maildrop.cc,https://site-mkt-stage.artbasel.com/access?action=activationps&email=ios_4211692370554625%40maildrop.cc&token=5d711bfd-a010-4b1d-b48c-7b65db6e0f48
iOS_4541692370555576@maildrop.cc,https://site-mkt-stage.artbasel.com/access?action=activationps&email=ios_4541692370555576%40maildrop.cc&token=277d527f-40b8-443d-a3a2-161424a4a7be
iOS_4391692370572118@maildrop.cc,https://site-mkt-stage.artbasel.com/access?action=activationps&email=ios_4391692370572118%40maildrop.cc&token=57bb97cb-bcaf-4540-a7c2-18f92eb3ee1e
iOS_6611692370573119@maildrop.cc,https://site-mkt-stage.artbasel.com/access?action=activationps&email=ios_6611692370573119%40maildrop.cc&token=9480ec8c-466a-4a02-997f-bcc3904e75d6
iOS_7351692370585837@maildrop.cc,https://site-mkt-stage.artbasel.com/access?action=activationps&email=ios_7351692370585837%40maildrop.cc&token=71740982-1527-45a6-95dc-af152570c908
iOS_8971692370587726@maildrop.cc,https://site-mkt-stage.artbasel.com/access?action=activationps&email=ios_8971692370587726%40maildrop.cc&token=d965f1dd-597b-4fba-b487-4969fc6add17
iOS_7711692370601937@maildrop.cc,https://site-mkt-stage.artbasel.com/access?action=activationps&email=ios_7711692370601937%40maildrop.cc&token=77a6dfd1-c95c-4a79-a31e-8bf721cc1a38
iOS_3341692370604013@maildrop.cc,https://site-mkt-stage.artbasel.com/access?action=activationps&email=ios_3341692370604013%40maildrop.cc&token=773983ec-baf8-4df6-bd92-af26991ef3b0
iOS_3001692370614870@maildrop.cc,https://site-mkt-stage.artbasel.com/access?action=activationps&email=ios_3001692370614870%40maildrop.cc&token=0b405558-fc1a-4ff2-ab45-4fb61ea19df3
iOS_8651692370617875@maildrop.cc,https://site-mkt-stage.artbasel.com/access?action=activationps&email=ios_8651692370617875%40maildrop.cc&token=13d63e14-7239-4b25-a111-be5ef73f25e6
iOS_5581692370630596@maildrop.cc,https://site-mkt-stage.artbasel.com/access?action=activationps&email=ios_5581692370630596%40maildrop.cc&token=4972fce4-6710-4895-9a3a-a2e0f14c8b16
iOS_1111692370647638@maildrop.cc,https://site-mkt-stage.artbasel.com/access?action=activationps&email=ios_1111692370647638%40maildrop.cc&token=e40f6b7a-5102-47ac-8332-c08456d695bf
iOS_9131692370647263@maildrop.cc,https://site-mkt-stage.artbasel.com/access?action=activationps&email=ios_9131692370647263%40maildrop.cc&token=ef1b5f82-a924-496a-89f2-e69f1ff1c459
iOS_2831692370663238@maildrop.cc,https://site-mkt-stage.artbasel.com/access?action=activationps&email=ios_2831692370663238%40maildrop.cc&token=f0cb414c-8e63-4b20-a40d-3163e2e9420a
iOS_4481692370677917@maildrop.cc,https://site-mkt-stage.artbasel.com/access?action=activationps&email=ios_4481692370677917%40maildrop.cc&token=644f8d3c-8c7d-4c6b-aa25-ae0d9a0f0536
iOS_341692370680926@maildrop.cc,https://site-mkt-stage.artbasel.com/access?action=activationps&email=ios_341692370680926%40maildrop.cc&token=2c145969-e359-48fb-9303-ed2750a25321
iOS_791692370693683@maildrop.cc,https://site-mkt-stage.artbasel.com/access?action=activationps&email=ios_791692370693683%40maildrop.cc&token=3c49f9a7-cfbe-4668-b7ba-3f92ba3f1d9b
iOS_7721692370695526@maildrop.cc,https://site-mkt-stage.artbasel.com/access?action=activationps&email=ios_7721692370695526%40maildrop.cc&token=8797523c-a63c-482a-a3d4-14dedba441da
iOS_9881692370708393@maildrop.cc,https://site-mkt-stage.artbasel.com/access?action=activationps&email=ios_9881692370708393%40maildrop.cc&token=a1c95b6c-e916-4f61-a84a-de10afbeb964
iOS_1331692370711924@maildrop.cc,https://site-mkt-stage.artbasel.com/access?action=activationps&email=ios_1331692370711924%40maildrop.cc&token=05efd015-ea4c-4d28-bd58-63edda0bbdc4
iOS_4831692370724205@maildrop.cc,https://site-mkt-stage.artbasel.com/access?action=activationps&email=ios_4831692370724205%40maildrop.cc&token=058a6eb1-0317-4aee-8af6-bbe197ef309b
iOS_9351692370726710@maildrop.cc,https://site-mkt-stage.artbasel.com/access?action=activationps&email=ios_9351692370726710%40maildrop.cc&token=d7c2446b-6f74-41f0-9606-a30742842ecc
iOS_2711692370739208@maildrop.cc,https://site-mkt-stage.artbasel.com/access?action=activationps&email=ios_2711692370739208%40maildrop.cc&token=d35de572-70d3-4fd8-b9f6-aa0c383b14d3
iOS_6021692370742794@maildrop.cc,https://site-mkt-stage.artbasel.com/access?action=activationps&email=ios_6021692370742794%40maildrop.cc&token=ec113489-dea0-4728-92d6-53ec41edd0f5
iOS_4541692370752864@maildrop.cc,https://site-mkt-stage.artbasel.com/access?action=activationps&email=ios_4541692370752864%40maildrop.cc&token=c13d7a2e-7a0a-48ff-9bbb-a412c7c38add
iOS_2301692370759344@maildrop.cc,https://site-mkt-stage.artbasel.com/access?action=activationps&email=ios_2301692370759344%40maildrop.cc&token=c4a58149-c048-4091-a724-e9ae7a842349
iOS_5111692370769198@maildrop.cc,https://site-mkt-stage.artbasel.com/access?action=activationps&email=ios_5111692370769198%40maildrop.cc&token=ddb97262-fb59-4f97-a64b-819572fed00d
iOS_31692370776832@maildrop.cc,https://site-mkt-stage.artbasel.com/access?action=activationps&email=ios_31692370776832%40maildrop.cc&token=44f6cb46-13f8-4664-a60a-71e0c0ff8a43
iOS_6601692370784417@maildrop.cc,https://site-mkt-stage.artbasel.com/access?action=activationps&email=ios_6601692370784417%40maildrop.cc&token=ec74dfc8-1a36-45eb-a5df-27e50160a553
iOS_7311692370793145@maildrop.cc,https://site-mkt-stage.artbasel.com/access?action=activationps&email=ios_7311692370793145%40maildrop.cc&token=fc34078c-aef1-410f-9c39-84de8cc7a850
iOS_7731692370798262@maildrop.cc,https://site-mkt-stage.artbasel.com/access?action=activationps&email=ios_7731692370798262%40maildrop.cc&token=f7ecafe2-e0f3-41cb-a42a-302820cce241
iOS_4971692370805697@maildrop.cc,https://site-mkt-stage.artbasel.com/access?action=activationps&email=ios_4971692370805697%40maildrop.cc&token=d56c1fd5-362c-4a4a-931f-2afad05385d6
iOS_3711692370815846@maildrop.cc,https://site-mkt-stage.artbasel.com/access?action=activationps&email=ios_3711692370815846%40maildrop.cc&token=6e7cb183-cbd2-42e0-a68e-4c0f8dabe4a8
iOS_1441692370825704@maildrop.cc,https://site-mkt-stage.artbasel.com/access?action=activationps&email=ios_1441692370825704%40maildrop.cc&token=1ee97cdc-9e20-4207-8aac-45ffbd083037
iOS_3281692370831596@maildrop.cc,https://site-mkt-stage.artbasel.com/access?action=activationps&email=ios_3281692370831596%40maildrop.cc&token=0cc01cba-2b05-4942-a0e9-7a30165c3527
iOS_4351692370839849@maildrop.cc,https://site-mkt-stage.artbasel.com/access?action=activationps&email=ios_4351692370839849%40maildrop.cc&token=0cf30a8b-0317-4d50-89e2-677ec3d6bad1
iOS_4321692370845111@maildrop.cc,https://site-mkt-stage.artbasel.com/access?action=activationps&email=ios_4321692370845111%40maildrop.cc&token=a68c5201-b069-466c-b8c8-9ef01a5c4581
iOS_921692370860197@maildrop.cc,https://site-mkt-stage.artbasel.com/access?action=activationps&email=ios_921692370860197%40maildrop.cc&token=60bc5086-2992-45b9-a395-fb26202d5527
iOS_2051692370859091@maildrop.cc,https://site-mkt-stage.artbasel.com/access?action=activationps&email=ios_2051692370859091%40maildrop.cc&token=bd3aca00-eb2a-48d7-8cca-df4d208b4f5e
iOS_6211692370876757@maildrop.cc,https://site-mkt-stage.artbasel.com/access?action=activationps&email=ios_6211692370876757%40maildrop.cc&token=3fb1c29c-a11f-40d5-bdee-6a2c1e4eda3a
iOS_7611692370881388@maildrop.cc,https://site-mkt-stage.artbasel.com/access?action=activationps&email=ios_7611692370881388%40maildrop.cc&token=9094d89f-0f36-4e4b-a846-90e8885e54d1
iOS_9571692370892399@maildrop.cc,https://site-mkt-stage.artbasel.com/access?action=activationps&email=ios_9571692370892399%40maildrop.cc&token=0f815928-ba69-439f-b7fd-fa43a00098dc
iOS_7761692370898461@maildrop.cc,https://site-mkt-stage.artbasel.com/access?action=activationps&email=ios_7761692370898461%40maildrop.cc&token=d8dc7cb5-6931-4002-a30d-050979537345
iOS_1691692370910053@maildrop.cc,https://site-mkt-stage.artbasel.com/access?action=activationps&email=ios_1691692370910053%40maildrop.cc&token=fd14a6ee-3eb2-4d98-b72e-4267ed0e1837
iOS_3391692370914787@maildrop.cc,https://site-mkt-stage.artbasel.com/access?action=activationps&email=ios_3391692370914787%40maildrop.cc&token=b7d2162b-4c01-432b-a553-d6afa11faaba
iOS_8301692370926760@maildrop.cc,https://site-mkt-stage.artbasel.com/access?action=activationps&email=ios_8301692370926760%40maildrop.cc&token=370ef9fb-d850-42c5-9c63-fc04eba19bf4
iOS_1451692370929675@maildrop.cc,https://site-mkt-stage.artbasel.com/access?action=activationps&email=ios_1451692370929675%40maildrop.cc&token=85479495-abac-4b56-8039-ca86417a0d3a
iOS_7871692370939534@maildrop.cc,https://site-mkt-stage.artbasel.com/access?action=activationps&email=ios_7871692370939534%40maildrop.cc&token=e31b3a3d-f137-4867-be26-9008047305ac
iOS_2921692370943181@maildrop.cc,https://site-mkt-stage.artbasel.com/access?action=activationps&email=ios_2921692370943181%40maildrop.cc&token=bc771e23-b880-4925-9446-dc792c6a3384
iOS_4821692370955576@maildrop.cc,https://site-mkt-stage.artbasel.com/access?action=activationps&email=ios_4821692370955576%40maildrop.cc&token=706b11bc-957d-41b6-bead-53a42e7de2ad
iOS_1441692370960564@maildrop.cc,https://site-mkt-stage.artbasel.com/access?action=activationps&email=ios_1441692370960564%40maildrop.cc&token=d54a728f-c0e9-4111-97c4-5ff414e4dcdd
iOS_121692370972075@maildrop.cc,https://site-mkt-stage.artbasel.com/access?action=activationps&email=ios_121692370972075%40maildrop.cc&token=0ddd0d85-ab0d-4e85-82fe-7042a48acc74
iOS_2331692370974675@maildrop.cc,https://site-mkt-stage.artbasel.com/access?action=activationps&email=ios_2331692370974675%40maildrop.cc&token=9278aa55-c570-4dfa-8036-e0dc8fbd5c70
iOS_5291692371043156@maildrop.cc,https://site-mkt-stage.artbasel.com/access?action=activationps&email=ios_5291692371043156%40maildrop.cc&token=786917cb-d163-4d69-87cb-908b1c781536
iOS_6811692371042477@maildrop.cc,https://site-mkt-stage.artbasel.com/access?action=activationps&email=ios_6811692371042477%40maildrop.cc&token=2a0067cf-94c0-45c6-9a05-990bc9ce791f
iOS_1831692371055227@maildrop.cc,https://site-mkt-stage.artbasel.com/access?action=activationps&email=ios_1831692371055227%40maildrop.cc&token=36d4c74c-800c-449f-95eb-80a7b7c27b77
iOS_8351692371058008@maildrop.cc,https://site-mkt-stage.artbasel.com/access?action=activationps&email=ios_8351692371058008%40maildrop.cc&token=d510e3e5-f463-410d-83d6-edeac7c35ade
iOS_3851692371125212@maildrop.cc,https://site-mkt-stage.artbasel.com/access?action=activationps&email=ios_3851692371125212%40maildrop.cc&token=9186cda0-d7cc-442e-9ebc-a726d3ab6f8f
iOS_7301692371133245@maildrop.cc,https://site-mkt-stage.artbasel.com/access?action=activationps&email=ios_7301692371133245%40maildrop.cc&token=e92f435b-341d-4782-9ffd-dad3ac49d999
iOS_8541692371146734@maildrop.cc,https://site-mkt-stage.artbasel.com/access?action=activationps&email=ios_8541692371146734%40maildrop.cc&token=31ac4088-d87c-4269-82a9-baaecbb4d6f1
iOS_7431692371156072@maildrop.cc,https://site-mkt-stage.artbasel.com/access?action=activationps&email=ios_7431692371156072%40maildrop.cc&token=00279d02-bc39-4b32-8eee-a0288223d684
iOS_3531692371162527@maildrop.cc,https://site-mkt-stage.artbasel.com/access?action=activationps&email=ios_3531692371162527%40maildrop.cc&token=e9700602-b435-4553-bc89-6cc9566d8d4b
iOS_3261692371181263@maildrop.cc,https://site-mkt-stage.artbasel.com/access?action=activationps&email=ios_3261692371181263%40maildrop.cc&token=fdee10ec-97ad-4f5f-a288-4b8d2bb1b1b2
iOS_3921692371183626@maildrop.cc,https://site-mkt-stage.artbasel.com/access?action=activationps&email=ios_3921692371183626%40maildrop.cc&token=a8f65b81-2a9f-4d0e-98ab-6b6df464be29
iOS_8321692371201200@maildrop.cc,https://site-mkt-stage.artbasel.com/access?action=activationps&email=ios_8321692371201200%40maildrop.cc&token=3096b478-8a52-404a-b125-c9e66aaa27dc
iOS_5571692371199027@maildrop.cc,https://site-mkt-stage.artbasel.com/access?action=activationps&email=ios_5571692371199027%40maildrop.cc&token=b5b76ee1-083d-4594-9810-a52a5e2d2acf
iOS_251692371216494@maildrop.cc,https://site-mkt-stage.artbasel.com/access?action=activationps&email=ios_251692371216494%40maildrop.cc&token=8901a344-1696-4f29-9195-e02c348846db
iOS_5961692371216290@maildrop.cc,https://site-mkt-stage.artbasel.com/access?action=activationps&email=ios_5961692371216290%40maildrop.cc&token=ea75f2a1-8cfe-4e37-bdf3-c24fff7d4121
iOS_3081692371233562@maildrop.cc,https://site-mkt-stage.artbasel.com/access?action=activationps&email=ios_3081692371233562%40maildrop.cc&token=1e3c9a38-8ff0-472f-b1a1-40e456e78d02
iOS_471692371233602@maildrop.cc,https://site-mkt-stage.artbasel.com/access?action=activationps&email=ios_471692371233602%40maildrop.cc&token=192af04f-1305-4541-aeb9-0745005db308
iOS_8981692371251326@maildrop.cc,https://site-mkt-stage.artbasel.com/access?action=activationps&email=ios_8981692371251326%40maildrop.cc&token=5dfbb7c5-403e-456e-9b8e-d3838b000262
iOS_2341692371247417@maildrop.cc,https://site-mkt-stage.artbasel.com/access?action=activationps&email=ios_2341692371247417%40maildrop.cc&token=d0bdead6-7883-4b2e-bf57-fb242dc3b22f
iOS_8541692371264575@maildrop.cc,https://site-mkt-stage.artbasel.com/access?action=activationps&email=ios_8541692371264575%40maildrop.cc&token=3a1ee24d-1e6e-46b0-86af-61fa368c227f
iOS_8961692371264884@maildrop.cc,https://site-mkt-stage.artbasel.com/access?action=activationps&email=ios_8961692371264884%40maildrop.cc&token=2fcf1c76-454c-4919-9214-0f1d16a0c77e
iOS_3441692371278868@maildrop.cc,https://site-mkt-stage.artbasel.com/access?action=activationps&email=ios_3441692371278868%40maildrop.cc&token=50467879-a93b-4788-946d-ab39b80c3ff9
iOS_2161692371281365@maildrop.cc,https://site-mkt-stage.artbasel.com/access?action=activationps&email=ios_2161692371281365%40maildrop.cc&token=a891b01c-d643-493c-86ea-b1541711239e
iOS_6541692371292895@maildrop.cc,https://site-mkt-stage.artbasel.com/access?action=activationps&email=ios_6541692371292895%40maildrop.cc&token=f0e4fb6f-bcc8-4062-b7e8-8482038cdc01
iOS_7401692371296057@maildrop.cc,https://site-mkt-stage.artbasel.com/access?action=activationps&email=ios_7401692371296057%40maildrop.cc&token=f55753a1-130e-4eb1-8bd2-f90e7d04d9f7
iOS_211692371309651@maildrop.cc,https://site-mkt-stage.artbasel.com/access?action=activationps&email=ios_211692371309651%40maildrop.cc&token=bebb0ebe-fa83-4148-b832-02abe63ee6b6
iOS_2011692371313024@maildrop.cc,https://site-mkt-stage.artbasel.com/access?action=activationps&email=ios_2011692371313024%40maildrop.cc&token=793e822a-927b-415b-8675-08c2b4146ced
iOS_6531692371325364@maildrop.cc,https://site-mkt-stage.artbasel.com/access?action=activationps&email=ios_6531692371325364%40maildrop.cc&token=3bd454f5-3162-46de-bb9c-f7c281a2f3f1
iOS_6421692371328715@maildrop.cc,https://site-mkt-stage.artbasel.com/access?action=activationps&email=ios_6421692371328715%40maildrop.cc&token=f63e0bb7-3d5e-40c3-bc19-6400f0cd6ddd
iOS_331692371341001@maildrop.cc,https://site-mkt-stage.artbasel.com/access?action=activationps&email=ios_331692371341001%40maildrop.cc&token=88feaab7-02f3-4f02-9daa-ebce23e20b7f
iOS_9561692371343944@maildrop.cc,https://site-mkt-stage.artbasel.com/access?action=activationps&email=ios_9561692371343944%40maildrop.cc&token=3747fc0e-ec15-4d15-9f81-13915d490959
iOS_8381692371356377@maildrop.cc,https://site-mkt-stage.artbasel.com/access?action=activationps&email=ios_8381692371356377%40maildrop.cc&token=13de0a34-1aab-4753-9e4f-c3a7c5051057
iOS_9931692371359609@maildrop.cc,https://site-mkt-stage.artbasel.com/access?action=activationps&email=ios_9931692371359609%40maildrop.cc&token=b7f8fede-aec5-4be5-838a-42756c8fa504
iOS_8411692371370417@maildrop.cc,https://site-mkt-stage.artbasel.com/access?action=activationps&email=ios_8411692371370417%40maildrop.cc&token=a7bfac0e-3d9e-4d47-959a-92835bbbfff1
iOS_8461692371375707@maildrop.cc,https://site-mkt-stage.artbasel.com/access?action=activationps&email=ios_8461692371375707%40maildrop.cc&token=b8a1b394-56b9-4c7f-8eef-b65f184aa00a
iOS_7781692371385773@maildrop.cc,https://site-mkt-stage.artbasel.com/access?action=activationps&email=ios_7781692371385773%40maildrop.cc&token=20ef19b4-098c-47e0-8f66-67314a391fd3
iOS_2871692371392266@maildrop.cc,https://site-mkt-stage.artbasel.com/access?action=activationps&email=ios_2871692371392266%40maildrop.cc&token=93c605f5-3961-4904-b566-d50fcb59323c
iOS_6681692371402111@maildrop.cc,https://site-mkt-stage.artbasel.com/access?action=activationps&email=ios_6681692371402111%40maildrop.cc&token=38589fa8-fb28-4dd8-958f-2d0fc6009a21
iOS_2441692371405972@maildrop.cc,https://site-mkt-stage.artbasel.com/access?action=activationps&email=ios_2441692371405972%40maildrop.cc&token=ca2a796c-0652-4669-b876-7b00973b9f87
iOS_511692371415129@maildrop.cc,https://site-mkt-stage.artbasel.com/access?action=activationps&email=ios_511692371415129%40maildrop.cc&token=46eaa1a2-06a4-454a-a4e6-26f21c6c4bca
iOS_2501692371419685@maildrop.cc,https://site-mkt-stage.artbasel.com/access?action=activationps&email=ios_2501692371419685%40maildrop.cc&token=827a8b21-851a-4566-804f-5262277fefc9
iOS_1421692371430536@maildrop.cc,https://site-mkt-stage.artbasel.com/access?action=activationps&email=ios_1421692371430536%40maildrop.cc&token=6ba3a0d8-98e9-44e1-befa-50cd8bd4351b
iOS_9611692371435471@maildrop.cc,https://site-mkt-stage.artbasel.com/access?action=activationps&email=ios_9611692371435471%40maildrop.cc&token=254b4b32-75b2-41d6-bf1d-2a4f49f4ef37
iOS_4151692371444938@maildrop.cc,https://site-mkt-stage.artbasel.com/access?action=activationps&email=ios_4151692371444938%40maildrop.cc&token=ec6621fb-9798-4e23-a9a4-1c7c6a4f680a
iOS_8001692371450287@maildrop.cc,https://site-mkt-stage.artbasel.com/access?action=activationps&email=ios_8001692371450287%40maildrop.cc&token=6ccc8eb8-2aa7-48f6-8708-1cfec421f75f
iOS_271692371457885@maildrop.cc,https://site-mkt-stage.artbasel.com/access?action=activationps&email=ios_271692371457885%40maildrop.cc&token=306bcce2-f8e2-449b-983f-a3324d9f1eab
iOS_7491692371468557@maildrop.cc,https://site-mkt-stage.artbasel.com/access?action=activationps&email=ios_7491692371468557%40maildrop.cc&token=8bb7346a-28cd-4fae-9780-1d894b56c0b7
iOS_3451692371473282@maildrop.cc,https://site-mkt-stage.artbasel.com/access?action=activationps&email=ios_3451692371473282%40maildrop.cc&token=2f19b73c-0226-4cbd-a44f-eb2b2d622d89
iOS_1621692371481367@maildrop.cc,https://site-mkt-stage.artbasel.com/access?action=activationps&email=ios_1621692371481367%40maildrop.cc&token=8492f6cb-a5b9-4f81-9f11-5c50ca7c4c99
iOS_6151692371487785@maildrop.cc,https://site-mkt-stage.artbasel.com/access?action=activationps&email=ios_6151692371487785%40maildrop.cc&token=8aa0eed8-db4b-452a-8846-04a90dc6b2f5
iOS_6811692371496876@maildrop.cc,https://site-mkt-stage.artbasel.com/access?action=activationps&email=ios_6811692371496876%40maildrop.cc&token=76dadf86-345b-4642-be5b-ec98ad71d9ce
iOS_5991692371503112@maildrop.cc,https://site-mkt-stage.artbasel.com/access?action=activationps&email=ios_5991692371503112%40maildrop.cc&token=ade860b8-1227-49c8-9a9f-f6f1b8f5516b
iOS_501692371512788@maildrop.cc,https://site-mkt-stage.artbasel.com/access?action=activationps&email=ios_501692371512788%40maildrop.cc&token=e101fb81-7239-427d-a9a7-3a975dbab7b3
iOS_8061692371518167@maildrop.cc,https://site-mkt-stage.artbasel.com/access?action=activationps&email=ios_8061692371518167%40maildrop.cc&token=ee62e104-541b-41ac-a71e-94035bc86bf7
iOS_8151692371528690@maildrop.cc,https://site-mkt-stage.artbasel.com/access?action=activationps&email=ios_8151692371528690%40maildrop.cc&token=c0887431-6594-4703-af83-10c255cd1a89
iOS_8621692371531442@maildrop.cc,https://site-mkt-stage.artbasel.com/access?action=activationps&email=ios_8621692371531442%40maildrop.cc&token=d56ab1c5-9a6b-4ae8-9b6b-5295585a72ae
iOS_9531692371541916@maildrop.cc,https://site-mkt-stage.artbasel.com/access?action=activationps&email=ios_9531692371541916%40maildrop.cc&token=3e12fc85-e5af-489f-96da-34c780b07099
iOS_3061692371552030@maildrop.cc,https://site-mkt-stage.artbasel.com/access?action=activationps&email=ios_3061692371552030%40maildrop.cc&token=756a3e88-4229-4037-b096-cdec2d08b040
iOS_4471692371559305@maildrop.cc,https://site-mkt-stage.artbasel.com/access?action=activationps&email=ios_4471692371559305%40maildrop.cc&token=fcd0644c-a733-43ed-a0cc-15fd4b09c27a
iOS_5001692371568529@maildrop.cc,https://site-mkt-stage.artbasel.com/access?action=activationps&email=ios_5001692371568529%40maildrop.cc&token=d146b577-c8ac-4dc2-8e75-1ebd88c0eac0
iOS_6691692371570825@maildrop.cc,https://site-mkt-stage.artbasel.com/access?action=activationps&email=ios_6691692371570825%40maildrop.cc&token=2c26b01c-3df0-466c-ba14-3d75d8ea7054
iOS_3201692371583776@maildrop.cc,https://site-mkt-stage.artbasel.com/access?action=activationps&email=ios_3201692371583776%40maildrop.cc&token=4bff0a70-6f7d-40f3-8d0e-c8a5926d8808
iOS_981692371596562@maildrop.cc,https://site-mkt-stage.artbasel.com/access?action=activationps&email=ios_981692371596562%40maildrop.cc&token=7025110d-90f9-439f-b90f-d79cede93991
iOS_6861692371602837@maildrop.cc,https://site-mkt-stage.artbasel.com/access?action=activationps&email=ios_6861692371602837%40maildrop.cc&token=f6217196-9323-4ae7-8c99-aa8a4c277d13
iOS_2751692371615452@maildrop.cc,https://site-mkt-stage.artbasel.com/access?action=activationps&email=ios_2751692371615452%40maildrop.cc&token=87bb5450-7806-4d25-bf21-27280d784488
iOS_8591692371618871@maildrop.cc,https://site-mkt-stage.artbasel.com/access?action=activationps&email=ios_8591692371618871%40maildrop.cc&token=cb27a0ff-a31c-4472-bdb6-1cdae25b9317
iOS_3871692371628894@maildrop.cc,https://site-mkt-stage.artbasel.com/access?action=activationps&email=ios_3871692371628894%40maildrop.cc&token=f2bd4c62-c898-4a35-9def-cf768c84c9ab
iOS_371692371633475@maildrop.cc,https://site-mkt-stage.artbasel.com/access?action=activationps&email=ios_371692371633475%40maildrop.cc&token=7e640e70-d1a0-4fce-8501-6f159324cddd
iOS_8531692371645732@maildrop.cc,https://site-mkt-stage.artbasel.com/access?action=activationps&email=ios_8531692371645732%40maildrop.cc&token=d4c57eea-6683-44e4-86f4-2134f41a495c
iOS_1871692371650081@maildrop.cc,https://site-mkt-stage.artbasel.com/access?action=activationps&email=ios_1871692371650081%40maildrop.cc&token=f628bac5-3cb8-47a4-a65d-35915a09eafa
iOS_5881692371658557@maildrop.cc,https://site-mkt-stage.artbasel.com/access?action=activationps&email=ios_5881692371658557%40maildrop.cc&token=f6b6e7d5-9e15-4358-ae8c-886e3311ee4a
iOS_9781692371668220@maildrop.cc,https://site-mkt-stage.artbasel.com/access?action=activationps&email=ios_9781692371668220%40maildrop.cc&token=88731141-c8ed-41c1-ab1d-c1c2d903e372
iOS_4731692371674110@maildrop.cc,https://site-mkt-stage.artbasel.com/access?action=activationps&email=ios_4731692371674110%40maildrop.cc&token=15edef35-0e78-47cd-9c7f-6a31bf4ce771
iOS_3851692371680035@maildrop.cc,https://site-mkt-stage.artbasel.com/access?action=activationps&email=ios_3851692371680035%40maildrop.cc&token=1df66e83-e49a-4459-8ae7-e05c97c3519f
iOS_3061692371689993@maildrop.cc,https://site-mkt-stage.artbasel.com/access?action=activationps&email=ios_3061692371689993%40maildrop.cc&token=5a4546e6-36f9-4c05-836f-ea24ad220197
iOS_7171692371695746@maildrop.cc,https://site-mkt-stage.artbasel.com/access?action=activationps&email=ios_7171692371695746%40maildrop.cc&token=a58da918-54e2-4c73-8383-17133063e025
iOS_5021692371706117@maildrop.cc,https://site-mkt-stage.artbasel.com/access?action=activationps&email=ios_5021692371706117%40maildrop.cc&token=22f6d4ee-269a-4c20-aa31-5c96535798c0
iOS_8401692371711572@maildrop.cc,https://site-mkt-stage.artbasel.com/access?action=activationps&email=ios_8401692371711572%40maildrop.cc&token=eb3134cf-8162-4b4f-be6c-2f644beaaa2e
iOS_751692371723057@maildrop.cc,https://site-mkt-stage.artbasel.com/access?action=activationps&email=ios_751692371723057%40maildrop.cc&token=fd03c460-c1a5-4f6e-8eac-9e41de1b0161
iOS_3641692371728831@maildrop.cc,https://site-mkt-stage.artbasel.com/access?action=activationps&email=ios_3641692371728831%40maildrop.cc&token=75f85680-66da-4af0-8fc1-03508c53111e
iOS_4131692371739202@maildrop.cc,https://site-mkt-stage.artbasel.com/access?action=activationps&email=ios_4131692371739202%40maildrop.cc&token=78accb1f-c8a0-427b-b935-c3d18b614acb
iOS_3651692371743133@maildrop.cc,https://site-mkt-stage.artbasel.com/access?action=activationps&email=ios_3651692371743133%40maildrop.cc&token=f0c699e6-18c3-4dc3-a16a-6ae2ce74a163
iOS_7281692371758729@maildrop.cc,https://site-mkt-stage.artbasel.com/access?action=activationps&email=ios_7281692371758729%40maildrop.cc&token=9aec80e8-0a90-4e48-a0f7-e149823dea87
iOS_4881692371756413@maildrop.cc,https://site-mkt-stage.artbasel.com/access?action=activationps&email=ios_4881692371756413%40maildrop.cc&token=ab445229-dd61-480d-8a95-58dd1ed4b5f1
iOS_3891692371772796@maildrop.cc,https://site-mkt-stage.artbasel.com/access?action=activationps&email=ios_3891692371772796%40maildrop.cc&token=7a61b2ec-606a-4db9-95bf-322fcf04aaf5
iOS_9711692371772955@maildrop.cc,https://site-mkt-stage.artbasel.com/access?action=activationps&email=ios_9711692371772955%40maildrop.cc&token=18437e51-28de-432e-8160-3323700680ec
iOS_8271692371786585@maildrop.cc,https://site-mkt-stage.artbasel.com/access?action=activationps&email=ios_8271692371786585%40maildrop.cc&token=89b6c471-06e1-4ec5-9b6a-3b923bd2f401
iOS_8211692371785852@maildrop.cc,https://site-mkt-stage.artbasel.com/access?action=activationps&email=ios_8211692371785852%40maildrop.cc&token=c4fcf49c-1f95-4718-a13b-9075f4db5663
iOS_3701692371802003@maildrop.cc,https://site-mkt-stage.artbasel.com/access?action=activationps&email=ios_3701692371802003%40maildrop.cc&token=6bea077c-4569-4006-b528-0cf39c27e3aa
iOS_4421692371800059@maildrop.cc,https://site-mkt-stage.artbasel.com/access?action=activationps&email=ios_4421692371800059%40maildrop.cc&token=b5be8a23-9741-4fea-bbc4-6aa1d7acfc49
iOS_8201692371816839@maildrop.cc,https://site-mkt-stage.artbasel.com/access?action=activationps&email=ios_8201692371816839%40maildrop.cc&token=2b97e552-4570-4c78-abf6-1c5d53d231b9
iOS_6961692371815938@maildrop.cc,https://site-mkt-stage.artbasel.com/access?action=activationps&email=ios_6961692371815938%40maildrop.cc&token=95c07283-36bf-4a66-9680-525c1e71f84a
iOS_8991692371830599@maildrop.cc,https://site-mkt-stage.artbasel.com/access?action=activationps&email=ios_8991692371830599%40maildrop.cc&token=9a24224d-7f87-4a26-83c7-f6e4b81e4a8d
iOS_9341692371831886@maildrop.cc,https://site-mkt-stage.artbasel.com/access?action=activationps&email=ios_9341692371831886%40maildrop.cc&token=7a285dbd-3b3a-4be6-8c74-c4a94cc32f7d
iOS_2091692371848142@maildrop.cc,https://site-mkt-stage.artbasel.com/access?action=activationps&email=ios_2091692371848142%40maildrop.cc&token=9b004099-548e-451d-acac-bb1aad7f5df3
iOS_9631692371848081@maildrop.cc,https://site-mkt-stage.artbasel.com/access?action=activationps&email=ios_9631692371848081%40maildrop.cc&token=83b694d2-5b0b-4d3c-b726-404781608d7c
iOS_9631692371865297@maildrop.cc,https://site-mkt-stage.artbasel.com/access?action=activationps&email=ios_9631692371865297%40maildrop.cc&token=4570c970-e561-437c-9d31-a134017eea7f
iOS_8031692371864552@maildrop.cc,https://site-mkt-stage.artbasel.com/access?action=activationps&email=ios_8031692371864552%40maildrop.cc&token=74519cb0-5501-4212-9c60-c095af8ab25a
iOS_9831692371880957@maildrop.cc,https://site-mkt-stage.artbasel.com/access?action=activationps&email=ios_9831692371880957%40maildrop.cc&token=c83ab5a5-7039-4714-a96e-d95fb0c96455
iOS_9561692371880975@maildrop.cc,https://site-mkt-stage.artbasel.com/access?action=activationps&email=ios_9561692371880975%40maildrop.cc&token=fab3a547-ea83-4c71-925e-37ed98cb7cc7
iOS_8561692371893906@maildrop.cc,https://site-mkt-stage.artbasel.com/access?action=activationps&email=ios_8561692371893906%40maildrop.cc&token=2110cf80-d491-4086-ac01-9cffd4e2bfc8
iOS_5061692371910134@maildrop.cc,https://site-mkt-stage.artbasel.com/access?action=activationps&email=ios_5061692371910134%40maildrop.cc&token=62184d3e-a63a-46f8-b075-263964f659a8
iOS_1081692371915042@maildrop.cc,https://site-mkt-stage.artbasel.com/access?action=activationps&email=ios_1081692371915042%40maildrop.cc&token=de8fe06b-eef3-4f4e-9051-2bf08bb6cd20
iOS_3821692371926830@maildrop.cc,https://site-mkt-stage.artbasel.com/access?action=activationps&email=ios_3821692371926830%40maildrop.cc&token=a2487db8-f6dc-46f5-baa4-8622558d606e
iOS_7291692371932954@maildrop.cc,https://site-mkt-stage.artbasel.com/access?action=activationps&email=ios_7291692371932954%40maildrop.cc&token=abb82c0c-bfd5-4fa5-8e31-ce138a78bb2b
iOS_6041692371939905@maildrop.cc,https://site-mkt-stage.artbasel.com/access?action=activationps&email=ios_6041692371939905%40maildrop.cc&token=2dbd6a2e-eb77-4377-b69b-a9fde7e06df6
iOS_9211692371948030@maildrop.cc,https://site-mkt-stage.artbasel.com/access?action=activationps&email=ios_9211692371948030%40maildrop.cc&token=8a0e0b09-1a6c-418c-890f-67839e7d980d
iOS_141692371955871@maildrop.cc,https://site-mkt-stage.artbasel.com/access?action=activationps&email=ios_141692371955871%40maildrop.cc&token=31047cb6-32da-43f9-b0a0-732e4ab29f6a
iOS_4561692371963912@maildrop.cc,https://site-mkt-stage.artbasel.com/access?action=activationps&email=ios_4561692371963912%40maildrop.cc&token=3eb4f914-f821-47a4-9e91-eb95697c147f
iOS_1781692371968256@maildrop.cc,https://site-mkt-stage.artbasel.com/access?action=activationps&email=ios_1781692371968256%40maildrop.cc&token=fcd27d24-0d50-44e1-bd56-76280a1a7df6
iOS_8421692371980322@maildrop.cc,https://site-mkt-stage.artbasel.com/access?action=activationps&email=ios_8421692371980322%40maildrop.cc&token=624a2606-f182-4c3c-8999-163e695460a4
iOS_2271692371984669@maildrop.cc,https://site-mkt-stage.artbasel.com/access?action=activationps&email=ios_2271692371984669%40maildrop.cc&token=0c8edc2d-d1dd-4379-bc90-4d67d9b48693
iOS_9261692371998232@maildrop.cc,https://site-mkt-stage.artbasel.com/access?action=activationps&email=ios_9261692371998232%40maildrop.cc&token=44122850-80ae-4125-ad77-883e7accdcaf
iOS_4621692371997387@maildrop.cc,https://site-mkt-stage.artbasel.com/access?action=activationps&email=ios_4621692371997387%40maildrop.cc&token=71e3d0e7-9930-4d8e-b1ef-b87ce07d275e
iOS_8891692372011889@maildrop.cc,https://site-mkt-stage.artbasel.com/access?action=activationps&email=ios_8891692372011889%40maildrop.cc&token=6578e51e-4811-4771-8854-62c4ff28446f
iOS_7621692372018244@maildrop.cc,https://site-mkt-stage.artbasel.com/access?action=activationps&email=ios_7621692372018244%40maildrop.cc&token=30f65272-9e4f-4bbe-b20f-e4b2dd469fb3
iOS_7301692372027218@maildrop.cc,https://site-mkt-stage.artbasel.com/access?action=activationps&email=ios_7301692372027218%40maildrop.cc&token=55dd9436-8f34-4d3f-babe-843d2e523918
iOS_4761692372031914@maildrop.cc,https://site-mkt-stage.artbasel.com/access?action=activationps&email=ios_4761692372031914%40maildrop.cc&token=6f607fc9-2bf7-4d20-bfec-82142f2920f9
iOS_2541692372046873@maildrop.cc,https://site-mkt-stage.artbasel.com/access?action=activationps&email=ios_2541692372046873%40maildrop.cc&token=0d4e549f-841d-418c-984a-885d93299716
iOS_4751692372058520@maildrop.cc,https://site-mkt-stage.artbasel.com/access?action=activationps&email=ios_4751692372058520%40maildrop.cc&token=5ae0323a-bea4-44e6-ab4b-41a312079713
iOS_1411692372059979@maildrop.cc,https://site-mkt-stage.artbasel.com/access?action=activationps&email=ios_1411692372059979%40maildrop.cc&token=31da020e-6dd9-4e21-ba43-e2db8ff4769d
iOS_1101692372072217@maildrop.cc,https://site-mkt-stage.artbasel.com/access?action=activationps&email=ios_1101692372072217%40maildrop.cc&token=eb6b47d9-ae8b-4cd1-93c0-28dc476128e6
iOS_7931692372073380@maildrop.cc,https://site-mkt-stage.artbasel.com/access?action=activationps&email=ios_7931692372073380%40maildrop.cc&token=be0da24b-214f-40fa-b1ca-caf602650e1e
iOS_1591692372085976@maildrop.cc,https://site-mkt-stage.artbasel.com/access?action=activationps&email=ios_1591692372085976%40maildrop.cc&token=b7d53c42-32f7-40aa-af4f-06861fadf1ea
iOS_7891692372086223@maildrop.cc,https://site-mkt-stage.artbasel.com/access?action=activationps&email=ios_7891692372086223%40maildrop.cc&token=153f2eaf-c27b-444b-a8a6-a4a9875a8e60
iOS_7731692372098853@maildrop.cc,https://site-mkt-stage.artbasel.com/access?action=activationps&email=ios_7731692372098853%40maildrop.cc&token=98b2c886-1cb0-4996-bf35-027d6b2a9002
iOS_5351692372103619@maildrop.cc,https://site-mkt-stage.artbasel.com/access?action=activationps&email=ios_5351692372103619%40maildrop.cc&token=63918a58-cf79-44a4-8c26-c4edcfc462d0
iOS_9921692372112109@maildrop.cc,https://site-mkt-stage.artbasel.com/access?action=activationps&email=ios_9921692372112109%40maildrop.cc&token=fc164a5c-5567-4b1a-8ad2-49b253921090
iOS_4221692372119281@maildrop.cc,https://site-mkt-stage.artbasel.com/access?action=activationps&email=ios_4221692372119281%40maildrop.cc&token=43d6f55e-9228-43fd-bbf1-a3e33c300c00
iOS_9831692372129116@maildrop.cc,https://site-mkt-stage.artbasel.com/access?action=activationps&email=ios_9831692372129116%40maildrop.cc&token=c53dc9ff-c8fa-48a5-a93d-9b841d47f3c6
iOS_3501692372136840@maildrop.cc,https://site-mkt-stage.artbasel.com/access?action=activationps&email=ios_3501692372136840%40maildrop.cc&token=cf2388fd-ec67-4e22-9934-8379cc9cf496
iOS_9361692372144954@maildrop.cc,https://site-mkt-stage.artbasel.com/access?action=activationps&email=ios_9361692372144954%40maildrop.cc&token=0e69f236-9b1a-42b8-bf78-16313b638c5a
iOS_9591692372153921@maildrop.cc,https://site-mkt-stage.artbasel.com/access?action=activationps&email=ios_9591692372153921%40maildrop.cc&token=7f77a72d-0cec-438f-8220-ecb1651a0998
iOS_8501692372158669@maildrop.cc,https://site-mkt-stage.artbasel.com/access?action=activationps&email=ios_8501692372158669%40maildrop.cc&token=21d81c04-0cb2-4637-b231-d5ccf9d516a7
iOS_6481692372168450@maildrop.cc,https://site-mkt-stage.artbasel.com/access?action=activationps&email=ios_6481692372168450%40maildrop.cc&token=9ba56a73-ea59-4295-8b4f-5234ec8270d4
iOS_8461692372171282@maildrop.cc,https://site-mkt-stage.artbasel.com/access?action=activationps&email=ios_8461692372171282%40maildrop.cc&token=0a038256-4bce-4806-9304-dd3e3b0071c2
iOS_5511692372181422@maildrop.cc,https://site-mkt-stage.artbasel.com/access?action=activationps&email=ios_5511692372181422%40maildrop.cc&token=fc42a6a8-3203-4ac5-bf73-9c854012c9e7
iOS_5681692372185632@maildrop.cc,https://site-mkt-stage.artbasel.com/access?action=activationps&email=ios_5681692372185632%40maildrop.cc&token=0cd1a6a5-c19e-4323-91f5-ce91c5530c15
iOS_1701692372196045@maildrop.cc,https://site-mkt-stage.artbasel.com/access?action=activationps&email=ios_1701692372196045%40maildrop.cc&token=7c2e0ec8-ed49-4d78-ab72-7b99f77d61da
iOS_4511692372200334@maildrop.cc,https://site-mkt-stage.artbasel.com/access?action=activationps&email=ios_4511692372200334%40maildrop.cc&token=2db4104a-890b-4493-9623-310020a49edb
iOS_4681692372212545@maildrop.cc,https://site-mkt-stage.artbasel.com/access?action=activationps&email=ios_4681692372212545%40maildrop.cc&token=291b43c5-b3e8-4726-83fc-841805bea95e
iOS_1281692372217157@maildrop.cc,https://site-mkt-stage.artbasel.com/access?action=activationps&email=ios_1281692372217157%40maildrop.cc&token=3bfe1d0a-913e-4665-9774-89b0124a0e8b
iOS_8161692372226504@maildrop.cc,https://site-mkt-stage.artbasel.com/access?action=activationps&email=ios_8161692372226504%40maildrop.cc&token=42272537-b086-4ce3-b15a-199077075bb3
iOS_31692370776832@maildrop.cc,
iOS_6601692370784417@maildrop.cc,
iOS_7311692370793145@maildrop.cc,
iOS_7731692370798262@maildrop.cc,
iOS_4971692370805697@maildrop.cc,
iOS_3711692370815846@maildrop.cc,
iOS_1441692370825704@maildrop.cc,
iOS_3281692370831596@maildrop.cc,
iOS_4351692370839849@maildrop.cc,
iOS_4321692370845111@maildrop.cc,
iOS_921692370860197@maildrop.cc,
iOS_2051692370859091@maildrop.cc,
iOS_6211692370876757@maildrop.cc,
iOS_7611692370881388@maildrop.cc,
iOS_9571692370892399@maildrop.cc,
iOS_7761692370898461@maildrop.cc,
iOS_1691692370910053@maildrop.cc,
iOS_3391692370914787@maildrop.cc,
iOS_8301692370926760@maildrop.cc,
iOS_1451692370929675@maildrop.cc,
iOS_7871692370939534@maildrop.cc,
iOS_2921692370943181@maildrop.cc,
iOS_4821692370955576@maildrop.cc,
iOS_1441692370960564@maildrop.cc,
iOS_121692370972075@maildrop.cc,
iOS_2331692370974675@maildrop.cc,
iOS_5291692371043156@maildrop.cc,
iOS_6811692371042477@maildrop.cc,
iOS_1831692371055227@maildrop.cc,
iOS_8351692371058008@maildrop.cc,
iOS_3851692371125212@maildrop.cc,
iOS_7301692371133245@maildrop.cc,
iOS_8541692371146734@maildrop.cc,
iOS_7431692371156072@maildrop.cc,
iOS_3531692371162527@maildrop.cc,
iOS_3261692371181263@maildrop.cc,
iOS_3921692371183626@maildrop.cc,
iOS_8321692371201200@maildrop.cc,
iOS_5571692371199027@maildrop.cc,
iOS_251692371216494@maildrop.cc,
iOS_5961692371216290@maildrop.cc,
iOS_3081692371233562@maildrop.cc,
iOS_471692371233602@maildrop.cc,
iOS_8981692371251326@maildrop.cc,
iOS_2341692371247417@maildrop.cc,
iOS_8541692371264575@maildrop.cc,
iOS_8961692371264884@maildrop.cc,
iOS_3441692371278868@maildrop.cc,
iOS_2161692371281365@maildrop.cc,
iOS_6541692371292895@maildrop.cc,
iOS_7401692371296057@maildrop.cc,
iOS_211692371309651@maildrop.cc,
iOS_2011692371313024@maildrop.cc,
iOS_6531692371325364@maildrop.cc,
iOS_6421692371328715@maildrop.cc,
iOS_331692371341001@maildrop.cc,
iOS_9561692371343944@maildrop.cc,
iOS_8381692371356377@maildrop.cc,
iOS_9931692371359609@maildrop.cc,
iOS_8411692371370417@maildrop.cc,
iOS_8461692371375707@maildrop.cc,
iOS_7781692371385773@maildrop.cc,
iOS_2871692371392266@maildrop.cc,
iOS_6681692371402111@maildrop.cc,
iOS_2441692371405972@maildrop.cc,
iOS_511692371415129@maildrop.cc,
iOS_2501692371419685@maildrop.cc,
iOS_1421692371430536@maildrop.cc,
iOS_9611692371435471@maildrop.cc,
iOS_4151692371444938@maildrop.cc,
iOS_8001692371450287@maildrop.cc,
iOS_271692371457885@maildrop.cc,
iOS_7491692371468557@maildrop.cc,
iOS_3451692371473282@maildrop.cc,
iOS_1621692371481367@maildrop.cc,
iOS_6151692371487785@maildrop.cc,
iOS_6811692371496876@maildrop.cc,
iOS_5991692371503112@maildrop.cc,
iOS_501692371512788@maildrop.cc,
iOS_8061692371518167@maildrop.cc,
iOS_8151692371528690@maildrop.cc,
iOS_8621692371531442@maildrop.cc,
iOS_9531692371541916@maildrop.cc,
iOS_3061692371552030@maildrop.cc,
iOS_4471692371559305@maildrop.cc,
iOS_5001692371568529@maildrop.cc,
iOS_6691692371570825@maildrop.cc,
iOS_3201692371583776@maildrop.cc,
iOS_981692371596562@maildrop.cc,
iOS_6861692371602837@maildrop.cc,
iOS_2751692371615452@maildrop.cc,
iOS_8591692371618871@maildrop.cc,
iOS_3871692371628894@maildrop.cc,
iOS_371692371633475@maildrop.cc,
iOS_8531692371645732@maildrop.cc,
iOS_1871692371650081@maildrop.cc,
iOS_5881692371658557@maildrop.cc,
iOS_9781692371668220@maildrop.cc,
iOS_4731692371674110@maildrop.cc,
iOS_3851692371680035@maildrop.cc,
iOS_3061692371689993@maildrop.cc,
iOS_7171692371695746@maildrop.cc,
iOS_5021692371706117@maildrop.cc,
iOS_8401692371711572@maildrop.cc,
iOS_751692371723057@maildrop.cc,
iOS_3641692371728831@maildrop.cc,
iOS_4131692371739202@maildrop.cc,
iOS_3651692371743133@maildrop.cc,
iOS_7281692371758729@maildrop.cc,
iOS_4881692371756413@maildrop.cc,
iOS_3891692371772796@maildrop.cc,
iOS_9711692371772955@maildrop.cc,
iOS_8271692371786585@maildrop.cc,
iOS_8211692371785852@maildrop.cc,
iOS_3701692371802003@maildrop.cc,
iOS_4421692371800059@maildrop.cc,
iOS_8201692371816839@maildrop.cc,
iOS_6961692371815938@maildrop.cc,
iOS_8991692371830599@maildrop.cc,
iOS_9341692371831886@maildrop.cc,
iOS_2091692371848142@maildrop.cc,
iOS_9631692371848081@maildrop.cc,
iOS_9631692371865297@maildrop.cc,
iOS_8031692371864552@maildrop.cc,
iOS_9831692371880957@maildrop.cc,
iOS_9561692371880975@maildrop.cc,
iOS_8561692371893906@maildrop.cc,
iOS_5061692371910134@maildrop.cc,
iOS_1081692371915042@maildrop.cc,
iOS_3821692371926830@maildrop.cc,
iOS_7291692371932954@maildrop.cc,
iOS_6041692371939905@maildrop.cc,
iOS_9211692371948030@maildrop.cc,
iOS_141692371955871@maildrop.cc,
iOS_4561692371963912@maildrop.cc,
iOS_1781692371968256@maildrop.cc,
iOS_8421692371980322@maildrop.cc,
iOS_2271692371984669@maildrop.cc,
iOS_9261692371998232@maildrop.cc,
iOS_4621692371997387@maildrop.cc,
iOS_8891692372011889@maildrop.cc,
iOS_7621692372018244@maildrop.cc,
iOS_7301692372027218@maildrop.cc,
iOS_4761692372031914@maildrop.cc,
iOS_2541692372046873@maildrop.cc,
iOS_4751692372058520@maildrop.cc,
iOS_1411692372059979@maildrop.cc,
iOS_1101692372072217@maildrop.cc,
iOS_7931692372073380@maildrop.cc,
iOS_1591692372085976@maildrop.cc,
iOS_7891692372086223@maildrop.cc,
iOS_7731692372098853@maildrop.cc,
iOS_5351692372103619@maildrop.cc,
iOS_9921692372112109@maildrop.cc,
iOS_4221692372119281@maildrop.cc,
iOS_9831692372129116@maildrop.cc,
iOS_3501692372136840@maildrop.cc,
iOS_9361692372144954@maildrop.cc,
iOS_9591692372153921@maildrop.cc,
iOS_8501692372158669@maildrop.cc,
iOS_6481692372168450@maildrop.cc,
iOS_8461692372171282@maildrop.cc,
iOS_5511692372181422@maildrop.cc,
iOS_5681692372185632@maildrop.cc,
iOS_1701692372196045@maildrop.cc,
iOS_4511692372200334@maildrop.cc,
iOS_4681692372212545@maildrop.cc,
iOS_1281692372217157@maildrop.cc,
iOS_8161692372226504@maildrop.cc,
