Redeemvoucher,RVIP_AccessCode
81jaGE,auagDPlK
dJjNnP,osYxVlvg
vS3Y1V,udyj5a6m
OS9bPc,Ak8qP7aB
9fsvtd,tESh2DoI
gX3c7c,GZFQ0l4j
Uo755g,seufCCHs
1UxJCA,ab5fxIh8
B8v4El,IEyjA4Rd
PaUrpQ,7QoamnFG
d7yv3c,CQfBk4dh
BpMxhV,iV8CSNrw
iOImJ9,7dPETO83
HwlZnE,MSDnpsTY
NkI6ve,NgqlVDlR
SN5f6k,xVV0Ke6l
QKNfoY,xsBkTULg
ytbBYD,jdtq5Jzx
eogHsH,rFwhXW1r
IE4QzP,RbzrLBdj
gSgXWa,nMXX17iq
j7pFzF,K1yVGJo8
pIo9hn,caN05E3O
rr3SDE,efkLWthu
bZPeb3,OL3hjeYt
uRTNIF,rTbvhtRV
kWIPkj,9eqnVsec
m9lYAZ,DaPiklcZ
v2qS9P,Ae0Pkxco
