Registered_Email,ActivationCode,UserID,Acc_Act_Link
iOS_30689618441712822124052@grr.la,FpR5iQ,172b51d1-d8f7-ee11-a1fd-000d3ab80899,https://site-stage.artbasel.com/access?action=activate&code=FpR5iQ&userId=172b51d1-d8f7-ee11-a1fd-000d3ab80899&extraAction=&redirect=
iOS_30070422441712822123237@grr.la,GkhLKq,d59ad4d3-d8f7-ee11-a1fd-000d3a6739a5,https://site-stage.artbasel.com/access?action=activate&code=GkhLKq&userId=d59ad4d3-d8f7-ee11-a1fd-000d3a6739a5&extraAction=&redirect=
iOS_29175475451712822123657@grr.la,2XKnux,6e0606d2-d8f7-ee11-a1fd-000d3ab6629b,https://site-stage.artbasel.com/access?action=activate&code=2XKnux&userId=6e0606d2-d8f7-ee11-a1fd-000d3ab6629b&extraAction=&redirect=
iOS_62361718601712822125766@grr.la,qeLHq8,357cf5d2-d8f7-ee11-a1fd-000d3a6735eb,https://site-stage.artbasel.com/access?action=activate&code=qeLHq8&userId=357cf5d2-d8f7-ee11-a1fd-000d3a6735eb&extraAction=&redirect=
iOS_62394857961712822135798@grr.la,arK23s,748087d5-d8f7-ee11-a1fd-000d3ab64c29,https://site-stage.artbasel.com/access?action=activate&code=arK23s&userId=748087d5-d8f7-ee11-a1fd-000d3ab64c29&extraAction=&redirect=
iOS_82542298621712822138810@grr.la,hDJxFD,deb3f7d8-d8f7-ee11-a1fd-000d3abaaabc,https://site-stage.artbasel.com/access?action=activate&code=hDJxFD&userId=deb3f7d8-d8f7-ee11-a1fd-000d3abaaabc&extraAction=&redirect=
iOS_2978360411712822138676@grr.la,pFMdQH,e6e5f2d9-d8f7-ee11-a1fd-000d3a6737e2,https://site-stage.artbasel.com/access?action=activate&code=pFMdQH&userId=e6e5f2d9-d8f7-ee11-a1fd-000d3a6737e2&extraAction=&redirect=
iOS_65910683601712822145772@grr.la,x6XjmF,78449ddf-d8f7-ee11-a1fd-000d3a673423,https://site-stage.artbasel.com/access?action=activate&code=x6XjmF&userId=78449ddf-d8f7-ee11-a1fd-000d3a673423&extraAction=&redirect=
iOS_40692015311712822145381@grr.la,znh5pb,72449ddf-d8f7-ee11-a1fd-000d3a673423,https://site-stage.artbasel.com/access?action=activate&code=znh5pb&userId=72449ddf-d8f7-ee11-a1fd-000d3a673423&extraAction=&redirect=
iOS_86916816761712822145365@grr.la,P2BKZv,71449ddf-d8f7-ee11-a1fd-000d3a673423,https://site-stage.artbasel.com/access?action=activate&code=P2BKZv&userId=71449ddf-d8f7-ee11-a1fd-000d3a673423&extraAction=&redirect=
iOS_26321037651712822146955@grr.la,w2eUbY,2da8d0e0-d8f7-ee11-a1fd-000d3a6737e2,https://site-stage.artbasel.com/access?action=activate&code=w2eUbY&userId=2da8d0e0-d8f7-ee11-a1fd-000d3a6737e2&extraAction=&redirect=
iOS_61807003531712822157027@grr.la,SqPLqR,2be7dee5-d8f7-ee11-a1fd-000d3ab6629b,https://site-stage.artbasel.com/access?action=activate&code=SqPLqR&userId=2be7dee5-d8f7-ee11-a1fd-000d3ab6629b&extraAction=&redirect=
iOS_86618250551712822159630@grr.la,Lu5uiv,1afde9e7-d8f7-ee11-a1fd-000d3ab64c29,https://site-stage.artbasel.com/access?action=activate&code=Lu5uiv&userId=1afde9e7-d8f7-ee11-a1fd-000d3ab64c29&extraAction=&redirect=
iOS_87481586291712822159887@grr.la,tWxhmK,24f442e6-d8f7-ee11-a1fd-000d3a6739a5,https://site-stage.artbasel.com/access?action=activate&code=tWxhmK&userId=24f442e6-d8f7-ee11-a1fd-000d3a6739a5&extraAction=&redirect=
iOS_8611048911712822166685@grr.la,vTQTj2,89e34aec-d8f7-ee11-a1fd-000d3abaaabc,https://site-stage.artbasel.com/access?action=activate&code=vTQTj2&userId=89e34aec-d8f7-ee11-a1fd-000d3abaaabc&extraAction=&redirect=
iOS_4404905911712822166749@grr.la,ZUkuHJ,bd10beed-d8f7-ee11-a1fd-000d3a6737e2,https://site-stage.artbasel.com/access?action=activate&code=ZUkuHJ&userId=bd10beed-d8f7-ee11-a1fd-000d3a6737e2&extraAction=&redirect=
iOS_86464857521712822166704@grr.la,b8MGLN,b95251e8-d8f7-ee11-a1fd-000d3a67e351,https://site-stage.artbasel.com/access?action=activate&code=b8MGLN&userId=b95251e8-d8f7-ee11-a1fd-000d3a67e351&extraAction=&redirect=
iOS_46458556101712822168019@grr.la,YNaE7b,c8ef4bee-d8f7-ee11-a1fd-000d3a67e351,https://site-stage.artbasel.com/access?action=activate&code=YNaE7b&userId=c8ef4bee-d8f7-ee11-a1fd-000d3a67e351&extraAction=&redirect=
iOS_62071886671712822178198@grr.la,U6NBZm,6a7b74f4-d8f7-ee11-a1fd-000d3a6739a5,https://site-stage.artbasel.com/access?action=activate&code=U6NBZm&userId=6a7b74f4-d8f7-ee11-a1fd-000d3a6739a5&extraAction=&redirect=
iOS_79453619521712822180687@grr.la,PHgjVP,bf8b5ff2-d8f7-ee11-a1fd-000d3a673423,https://site-stage.artbasel.com/access?action=activate&code=PHgjVP&userId=bf8b5ff2-d8f7-ee11-a1fd-000d3a673423&extraAction=&redirect=
iOS_62229287211712822181108@grr.la,f2857Y,fa71e0f2-d8f7-ee11-a1fd-000d3a6735eb,https://site-stage.artbasel.com/access?action=activate&code=f2857Y&userId=fa71e0f2-d8f7-ee11-a1fd-000d3a6735eb&extraAction=&redirect=
iOS_23920459721712822187842@grr.la,A2m69f,69c091f9-d8f7-ee11-a1fd-000d3ab6629b,https://site-stage.artbasel.com/access?action=activate&code=A2m69f&userId=69c091f9-d8f7-ee11-a1fd-000d3ab6629b&extraAction=&redirect=
iOS_86566349961712822188114@grr.la,RQewzh,faaf5cf8-d8f7-ee11-a1fd-000d3a673423,https://site-stage.artbasel.com/access?action=activate&code=RQewzh&userId=faaf5cf8-d8f7-ee11-a1fd-000d3a673423&extraAction=&redirect=
iOS_7653147801712822188405@grr.la,7dgu9B,b4a0a9fa-d8f7-ee11-a1fd-000d3a6735eb,https://site-stage.artbasel.com/access?action=activate&code=7dgu9B&userId=b4a0a9fa-d8f7-ee11-a1fd-000d3a6735eb&extraAction=&redirect=
iOS_29964701171712822189401@grr.la,Vr3hFb,71c091f9-d8f7-ee11-a1fd-000d3ab6629b,https://site-stage.artbasel.com/access?action=activate&code=Vr3hFb&userId=71c091f9-d8f7-ee11-a1fd-000d3ab6629b&extraAction=&redirect=
iOS_63206658581712822199327@grr.la,xtqVXd,bc2cfafb-d8f7-ee11-a1fd-0022489d3ac0,https://site-stage.artbasel.com/access?action=activate&code=xtqVXd&userId=bc2cfafb-d8f7-ee11-a1fd-0022489d3ac0&extraAction=&redirect=
iOS_46601026861712822201449@grr.la,Ui7YLV,f99683fe-d8f7-ee11-a1fd-000d3abaaabc,https://site-stage.artbasel.com/access?action=activate&code=Ui7YLV&userId=f99683fe-d8f7-ee11-a1fd-000d3abaaabc&extraAction=&redirect=
iOS_16312901611712822201917@grr.la,8Wf3Nq,989a6201-d9f7-ee11-a1fd-000d3ab66fe3,https://site-stage.artbasel.com/access?action=activate&code=8Wf3Nq&userId=989a6201-d9f7-ee11-a1fd-000d3ab66fe3&extraAction=&redirect=
iOS_82629458031712822209694@grr.la,udFx5w,81f22a07-d9f7-ee11-a1fd-000d3a6737e2,https://site-stage.artbasel.com/access?action=activate&code=udFx5w&userId=81f22a07-d9f7-ee11-a1fd-000d3a6737e2&extraAction=&redirect=
iOS_57559036331712822209694@grr.la,M9Dawd,82f22a07-d9f7-ee11-a1fd-000d3a6737e2,https://site-stage.artbasel.com/access?action=activate&code=M9Dawd&userId=82f22a07-d9f7-ee11-a1fd-000d3a6737e2&extraAction=&redirect=
iOS_90421807371712822210538@grr.la,xhc4BE,afd9a003-d9f7-ee11-a1fd-000d3ab6629b,https://site-stage.artbasel.com/access?action=activate&code=xhc4BE&userId=afd9a003-d9f7-ee11-a1fd-000d3ab6629b&extraAction=&redirect=
iOS_65046418801712822209878@grr.la,ZjCWcc,aed9a003-d9f7-ee11-a1fd-000d3ab6629b,https://site-stage.artbasel.com/access?action=activate&code=ZjCWcc&userId=aed9a003-d9f7-ee11-a1fd-000d3ab6629b&extraAction=&redirect=
iOS_32044310991712822220861@grr.la,AT5x6v,71cdba0b-d9f7-ee11-a1fd-000d3abaaabc,https://site-stage.artbasel.com/access?action=activate&code=AT5x6v&userId=71cdba0b-d9f7-ee11-a1fd-000d3abaaabc&extraAction=&redirect=
iOS_27655588551712822222850@grr.la,mGFGZ5,c142750a-d9f7-ee11-a1fd-000d3a673423,https://site-stage.artbasel.com/access?action=activate&code=mGFGZ5&userId=c142750a-d9f7-ee11-a1fd-000d3a673423&extraAction=&redirect=
iOS_56424850891712822223627@grr.la,WuaC2v,872d360a-d9f7-ee11-a1fd-000d3a6739a5,https://site-stage.artbasel.com/access?action=activate&code=WuaC2v&userId=872d360a-d9f7-ee11-a1fd-000d3a6739a5&extraAction=&redirect=
iOS_93819739271712822230768@grr.la,5fp8nT,29379112-d9f7-ee11-a1fd-000d3a6737e2,https://site-stage.artbasel.com/access?action=activate&code=5fp8nT&userId=29379112-d9f7-ee11-a1fd-000d3a6737e2&extraAction=&redirect=
iOS_90873704331712822232425@grr.la,2rpEJr,fe02a111-d9f7-ee11-a1fd-000d3a64d5ed,https://site-stage.artbasel.com/access?action=activate&code=2rpEJr&userId=fe02a111-d9f7-ee11-a1fd-000d3a64d5ed&extraAction=&redirect=
iOS_7154514251712822232995@grr.la,UHmqJv,12000012-d9f7-ee11-a1fd-000d3ab6629b,https://site-stage.artbasel.com/access?action=activate&code=UHmqJv&userId=12000012-d9f7-ee11-a1fd-000d3ab6629b&extraAction=&redirect=
iOS_69720419451712822232092@grr.la,pHaRQj,f702a111-d9f7-ee11-a1fd-000d3a64d5ed,https://site-stage.artbasel.com/access?action=activate&code=pHaRQj&userId=f702a111-d9f7-ee11-a1fd-000d3a64d5ed&extraAction=&redirect=
iOS_84362020911712822242807@grr.la,KS9ENd,bf77be18-d9f7-ee11-a1fd-000d3a6730b0,https://site-stage.artbasel.com/access?action=activate&code=KS9ENd&userId=bf77be18-d9f7-ee11-a1fd-000d3a6730b0&extraAction=&redirect=
iOS_82411815001712822243842@grr.la,yZQCYA,5cbd0a18-d9f7-ee11-a1fd-000d3abaaabc,https://site-stage.artbasel.com/access?action=activate&code=yZQCYA&userId=5cbd0a18-d9f7-ee11-a1fd-000d3abaaabc&extraAction=&redirect=
iOS_42620284181712822244789@grr.la,Q32u3D,9903811a-d9f7-ee11-a1fd-000d3ab66fe3,https://site-stage.artbasel.com/access?action=activate&code=Q32u3D&userId=9903811a-d9f7-ee11-a1fd-000d3ab66fe3&extraAction=&redirect=
iOS_71605901751712822252002@grr.la,e4s4qU,67ea321b-d9f7-ee11-a1fd-000d3a6735eb,https://site-stage.artbasel.com/access?action=activate&code=e4s4qU&userId=67ea321b-d9f7-ee11-a1fd-000d3a6735eb&extraAction=&redirect=
iOS_1939232211712822253966@grr.la,3FfqeB,bb270a1e-d9f7-ee11-a1fd-000d3abaaabc,https://site-stage.artbasel.com/access?action=activate&code=3FfqeB&userId=bb270a1e-d9f7-ee11-a1fd-000d3abaaabc&extraAction=&redirect=
iOS_88308198821712822254653@grr.la,RPLxnD,56cf551e-d9f7-ee11-a1fd-000d3a67e351,https://site-stage.artbasel.com/access?action=activate&code=RPLxnD&userId=56cf551e-d9f7-ee11-a1fd-000d3a67e351&extraAction=&redirect=
iOS_12133813941712822254683@grr.la,Vc6ip4,1d37cc1e-d9f7-ee11-a1fd-000d3a6730b0,https://site-stage.artbasel.com/access?action=activate&code=Vc6ip4&userId=1d37cc1e-d9f7-ee11-a1fd-000d3a6730b0&extraAction=&redirect=
iOS_3777355261712822264337@grr.la,cnvHTG,cfc4cd27-d9f7-ee11-a1fd-000d3ab66fe3,https://site-stage.artbasel.com/access?action=activate&code=cnvHTG&userId=cfc4cd27-d9f7-ee11-a1fd-000d3ab66fe3&extraAction=&redirect=
iOS_51487061551712822265122@grr.la,eWaPYd,fc8d7328-d9f7-ee11-a1fd-000d3a673423,https://site-stage.artbasel.com/access?action=activate&code=eWaPYd&userId=fc8d7328-d9f7-ee11-a1fd-000d3a673423&extraAction=&redirect=
iOS_56668434161712822266354@grr.la,eq4YCF,048e7328-d9f7-ee11-a1fd-000d3a673423,https://site-stage.artbasel.com/access?action=activate&code=eq4YCF&userId=048e7328-d9f7-ee11-a1fd-000d3a673423&extraAction=&redirect=
iOS_24232801431712822274094@grr.la,xj6b98,8fe7d42a-d9f7-ee11-a1fd-000d3a6730b0,https://site-stage.artbasel.com/access?action=activate&code=xj6b98&userId=8fe7d42a-d9f7-ee11-a1fd-000d3a6730b0&extraAction=&redirect=
iOS_27621520501712822276443@grr.la,tbRtha,464f472f-d9f7-ee11-a1fd-000d3a6735eb,https://site-stage.artbasel.com/access?action=activate&code=tbRtha&userId=464f472f-d9f7-ee11-a1fd-000d3a6735eb&extraAction=&redirect=
iOS_27253339161712822276597@grr.la,kSSXuP,f29af02d-d9f7-ee11-a1fd-000d3ab80899,https://site-stage.artbasel.com/access?action=activate&code=kSSXuP&userId=f29af02d-d9f7-ee11-a1fd-000d3ab80899&extraAction=&redirect=
iOS_26086417891712822277236@grr.la,kYMpa5,dc23f32e-d9f7-ee11-a1fd-0022489d3ac0,https://site-stage.artbasel.com/access?action=activate&code=kYMpa5&userId=dc23f32e-d9f7-ee11-a1fd-0022489d3ac0&extraAction=&redirect=
iOS_76473068181712822286604@grr.la,XR7jRR,5747c134-d9f7-ee11-a1fd-000d3a673423,https://site-stage.artbasel.com/access?action=activate&code=XR7jRR&userId=5747c134-d9f7-ee11-a1fd-000d3a673423&extraAction=&redirect=
iOS_79380634731712822286228@grr.la,YubuSq,03e30035-d9f7-ee11-a1fd-0022489d3ac0,https://site-stage.artbasel.com/access?action=activate&code=YubuSq&userId=03e30035-d9f7-ee11-a1fd-0022489d3ac0&extraAction=&redirect=
iOS_40299254111712822295159@grr.la,yjVWh7,50ba4635-d9f7-ee11-a1fd-000d3a6735eb,https://site-stage.artbasel.com/access?action=activate&code=yjVWh7&userId=50ba4635-d9f7-ee11-a1fd-000d3a6735eb&extraAction=&redirect=
iOS_75426962171712822297643@grr.la,AihWGV,7876ad37-d9f7-ee11-a1fd-000d3a6730b0,https://site-stage.artbasel.com/access?action=activate&code=AihWGV&userId=7876ad37-d9f7-ee11-a1fd-000d3a6730b0&extraAction=&redirect=
iOS_1302227341712822298289@grr.la,JTdEs2,0c784c3a-d9f7-ee11-a1fd-000d3ab80899,https://site-stage.artbasel.com/access?action=activate&code=JTdEs2&userId=0c784c3a-d9f7-ee11-a1fd-000d3ab80899&extraAction=&redirect=
iOS_85839812861712822299105@grr.la,qf3wCm,ca498b3b-d9f7-ee11-a1fd-000d3a6735eb,https://site-stage.artbasel.com/access?action=activate&code=qf3wCm&userId=ca498b3b-d9f7-ee11-a1fd-000d3a6735eb&extraAction=&redirect=
iOS_39612741491712822306099@grr.la,txmWGL,37dc0140-d9f7-ee11-a1fd-000d3a6739a5,https://site-stage.artbasel.com/access?action=activate&code=txmWGL&userId=37dc0140-d9f7-ee11-a1fd-000d3a6739a5&extraAction=&redirect=
iOS_35251815411712822307862@grr.la,hSQCYX,27997441-d9f7-ee11-a1fd-0022489d3ac0,https://site-stage.artbasel.com/access?action=activate&code=hSQCYX&userId=27997441-d9f7-ee11-a1fd-0022489d3ac0&extraAction=&redirect=
iOS_12285749641712822307854@grr.la,czvi8P,f180c540-d9f7-ee11-a1fd-000d3ab80899,https://site-stage.artbasel.com/access?action=activate&code=czvi8P&userId=f180c540-d9f7-ee11-a1fd-000d3ab80899&extraAction=&redirect=
iOS_48641034021712822316717@grr.la,yc3Wav,ee1a3047-d9f7-ee11-a1fd-000d3a6739a5,https://site-stage.artbasel.com/access?action=activate&code=yc3Wav&userId=ee1a3047-d9f7-ee11-a1fd-000d3a6739a5&extraAction=&redirect=
iOS_637341561712822318932@grr.la,sFZPCs,2b8fc246-d9f7-ee11-a1fd-000d3ab80899,https://site-stage.artbasel.com/access?action=activate&code=sFZPCs&userId=2b8fc246-d9f7-ee11-a1fd-000d3ab80899&extraAction=&redirect=
iOS_90537461511712822319833@grr.la,D3xNN6,ab12bc46-d9f7-ee11-a1fd-000d3ab66fe3,https://site-stage.artbasel.com/access?action=activate&code=D3xNN6&userId=ab12bc46-d9f7-ee11-a1fd-000d3ab66fe3&extraAction=&redirect=
iOS_24886893761712822320361@grr.la,2KiRj8,7c086f45-d9f7-ee11-a1fd-000d3a6730b0,https://site-stage.artbasel.com/access?action=activate&code=2KiRj8&userId=7c086f45-d9f7-ee11-a1fd-000d3a6730b0&extraAction=&redirect=
iOS_98299615171712822327527@grr.la,fgSgJq,46ba3f4d-d9f7-ee11-a1fd-000d3a6730b0,https://site-stage.artbasel.com/access?action=activate&code=fgSgJq&userId=46ba3f4d-d9f7-ee11-a1fd-000d3a6730b0&extraAction=&redirect=
iOS_95393181631712822329290@grr.la,GBfUxz,e18e1b49-d9f7-ee11-a1fd-000d3abaaabc,https://site-stage.artbasel.com/access?action=activate&code=GBfUxz&userId=e18e1b49-d9f7-ee11-a1fd-000d3abaaabc&extraAction=&redirect=
iOS_82863748591712822329473@grr.la,DVY8Bb,261d384d-d9f7-ee11-a1fd-000d3ab6629b,https://site-stage.artbasel.com/access?action=activate&code=DVY8Bb&userId=261d384d-d9f7-ee11-a1fd-000d3ab6629b&extraAction=&redirect=
iOS_19512551011712822338070@grr.la,CKh7F4,05bab04e-d9f7-ee11-a1fd-000d3a67e351,https://site-stage.artbasel.com/access?action=activate&code=CKh7F4&userId=05bab04e-d9f7-ee11-a1fd-000d3a67e351&extraAction=&redirect=
iOS_49317461741712822339908@grr.la,CDGgtE,fdac1d51-d9f7-ee11-a1fd-000d3ab64c29,https://site-stage.artbasel.com/access?action=activate&code=CDGgtE&userId=fdac1d51-d9f7-ee11-a1fd-000d3ab64c29&extraAction=&redirect=
iOS_27079787441712822340708@grr.la,sgWGYY,42f15153-d9f7-ee11-a1fd-000d3ab6629b,https://site-stage.artbasel.com/access?action=activate&code=sgWGYY&userId=42f15153-d9f7-ee11-a1fd-000d3ab6629b&extraAction=&redirect=
iOS_56157174181712822341817@grr.la,qiYeYk,83328a55-d9f7-ee11-a1fd-000d3a6739a5,https://site-stage.artbasel.com/access?action=activate&code=qiYeYk&userId=83328a55-d9f7-ee11-a1fd-000d3a6739a5&extraAction=&redirect=
iOS_13325946201712822348584@grr.la,M7HwxK,15ea5359-d9f7-ee11-a1fd-000d3ab6629b,https://site-stage.artbasel.com/access?action=activate&code=M7HwxK&userId=15ea5359-d9f7-ee11-a1fd-000d3ab6629b&extraAction=&redirect=
iOS_59244883901712822350301@grr.la,ewkJ78,f21c185b-d9f7-ee11-a1fd-000d3ab66fe3,https://site-stage.artbasel.com/access?action=activate&code=ewkJ78&userId=f21c185b-d9f7-ee11-a1fd-000d3ab66fe3&extraAction=&redirect=
iOS_13431481461712822350880@grr.la,cm8c3d,a56e2b57-d9f7-ee11-a1fd-000d3ab64c29,https://site-stage.artbasel.com/access?action=activate&code=cm8c3d&userId=a56e2b57-d9f7-ee11-a1fd-000d3ab64c29&extraAction=&redirect=
iOS_90868289701712822359709@grr.la,vPpL5T,81cc745d-d9f7-ee11-a1fd-000d3ab64c29,https://site-stage.artbasel.com/access?action=activate&code=vPpL5T&userId=81cc745d-d9f7-ee11-a1fd-000d3ab64c29&extraAction=&redirect=
iOS_76481126401712822362046@grr.la,xkWFUQ,12efca5f-d9f7-ee11-a1fd-000d3a64d5ed,https://site-stage.artbasel.com/access?action=activate&code=xkWFUQ&userId=12efca5f-d9f7-ee11-a1fd-000d3a64d5ed&extraAction=&redirect=
iOS_19339819991712822369542@grr.la,nKd7dz,0f196a65-d9f7-ee11-a1fd-0022489d3ac0,https://site-stage.artbasel.com/access?action=activate&code=nKd7dz&userId=0f196a65-d9f7-ee11-a1fd-0022489d3ac0&extraAction=&redirect=
iOS_25218159341712822371360@grr.la,pzfvPb,7f52d665-d9f7-ee11-a1fd-000d3a64d5ed,https://site-stage.artbasel.com/access?action=activate&code=pzfvPb&userId=7f52d665-d9f7-ee11-a1fd-000d3a64d5ed&extraAction=&redirect=
iOS_24442254831712822372263@grr.la,RNngW3,2ee91767-d9f7-ee11-a1fd-000d3ab6629b,https://site-stage.artbasel.com/access?action=activate&code=RNngW3&userId=2ee91767-d9f7-ee11-a1fd-000d3ab6629b&extraAction=&redirect=
iOS_99483167911712822380979@grr.la,kCGaWQ,66f99e67-d9f7-ee11-a1fd-000d3ab66fe3,https://site-stage.artbasel.com/access?action=activate&code=kCGaWQ&userId=66f99e67-d9f7-ee11-a1fd-000d3ab66fe3&extraAction=&redirect=
iOS_87098183181712822381595@grr.la,QVDs9W,f837706c-d9f7-ee11-a1fd-000d3ab80899,https://site-stage.artbasel.com/access?action=activate&code=QVDs9W&userId=f837706c-d9f7-ee11-a1fd-000d3ab80899&extraAction=&redirect=
iOS_59434644561712822382124@grr.la,xzq8QB,185ea46c-d9f7-ee11-a1fd-000d3a67e351,https://site-stage.artbasel.com/access?action=activate&code=xzq8QB&userId=185ea46c-d9f7-ee11-a1fd-000d3a67e351&extraAction=&redirect=
iOS_97163855031712822421433@grr.la,Bj4Rnj,6fec2181-d9f7-ee11-a1fd-000d3ab66fe3,https://site-stage.artbasel.com/access?action=activate&code=Bj4Rnj&userId=6fec2181-d9f7-ee11-a1fd-000d3ab66fe3&extraAction=&redirect=
iOS_23300196471712822421397@grr.la,dDrrnC,046f2982-d9f7-ee11-a1fd-000d3a673423,https://site-stage.artbasel.com/access?action=activate&code=dDrrnC&userId=046f2982-d9f7-ee11-a1fd-000d3a673423&extraAction=&redirect=
iOS_3119296071712822422418@grr.la,h7FRRz,276d3584-d9f7-ee11-a1fd-000d3a64d5ed,https://site-stage.artbasel.com/access?action=activate&code=h7FRRz&userId=276d3584-d9f7-ee11-a1fd-000d3a64d5ed&extraAction=&redirect=
iOS_47836772281712822429140@grr.la,XyyZ82,7025338a-d9f7-ee11-a1fd-000d3a64d5ed,https://site-stage.artbasel.com/access?action=activate&code=XyyZ82&userId=7025338a-d9f7-ee11-a1fd-000d3a64d5ed&extraAction=&redirect=
iOS_10798700371712822431495@grr.la,BiYwqY,00e2a185-d9f7-ee11-a1fd-000d3ab80899,https://site-stage.artbasel.com/access?action=activate&code=BiYwqY&userId=00e2a185-d9f7-ee11-a1fd-000d3ab80899&extraAction=&redirect=
iOS_77524767811712822432059@grr.la,wvu8HA,b82b2687-d9f7-ee11-a1fd-000d3ab66fe3,https://site-stage.artbasel.com/access?action=activate&code=wvu8HA&userId=b82b2687-d9f7-ee11-a1fd-000d3ab66fe3&extraAction=&redirect=
iOS_39003620161712822443368@grr.la,BEJvbt,84b5928f-d9f7-ee11-a1fd-000d3a673423,https://site-stage.artbasel.com/access?action=activate&code=BEJvbt&userId=84b5928f-d9f7-ee11-a1fd-000d3a673423&extraAction=&redirect=
iOS_52785194481712822443311@grr.la,Z58tNP,12761a91-d9f7-ee11-a1fd-000d3a67e351,https://site-stage.artbasel.com/access?action=activate&code=Z58tNP&userId=12761a91-d9f7-ee11-a1fd-000d3a67e351&extraAction=&redirect=
iOS_8863118501712822443608@grr.la,9kpY35,43761a91-d9f7-ee11-a1fd-000d3a67e351,https://site-stage.artbasel.com/access?action=activate&code=9kpY35&userId=43761a91-d9f7-ee11-a1fd-000d3a67e351&extraAction=&redirect=
iOS_65335451131712822450777@grr.la,3suitc,861b6095-d9f7-ee11-a1fd-000d3a6735eb,https://site-stage.artbasel.com/access?action=activate&code=3suitc&userId=861b6095-d9f7-ee11-a1fd-000d3a6735eb&extraAction=&redirect=
iOS_94670895241712822452827@grr.la,4R96dp,653a7796-d9f7-ee11-a1fd-000d3a64d5ed,https://site-stage.artbasel.com/access?action=activate&code=4R96dp&userId=653a7796-d9f7-ee11-a1fd-000d3a64d5ed&extraAction=&redirect=
iOS_92669962191712822453679@grr.la,gV5PgY,268dc893-d9f7-ee11-a1fd-000d3ab6629b,https://site-stage.artbasel.com/access?action=activate&code=gV5PgY&userId=268dc893-d9f7-ee11-a1fd-000d3ab6629b&extraAction=&redirect=
iOS_85094294001712822464661@grr.la,Vx2nkb,fa63079f-d9f7-ee11-a1fd-000d3a6737e2,https://site-stage.artbasel.com/access?action=activate&code=Vx2nkb&userId=fa63079f-d9f7-ee11-a1fd-000d3a6737e2&extraAction=&redirect=
iOS_59082642401712822465216@grr.la,G6wJL3,c0c8b59f-d9f7-ee11-a1fd-0022489d3ac0,https://site-stage.artbasel.com/access?action=activate&code=G6wJL3&userId=c0c8b59f-d9f7-ee11-a1fd-0022489d3ac0&extraAction=&redirect=
iOS_73364454781712822465499@grr.la,KZzS8T,e9959a9c-d9f7-ee11-a1fd-000d3a64d5ed,https://site-stage.artbasel.com/access?action=activate&code=KZzS8T&userId=e9959a9c-d9f7-ee11-a1fd-000d3a64d5ed&extraAction=&redirect=
iOS_72402356881712822467470@grr.la,WiYBBV,28ec6d9b-d9f7-ee11-a1fd-000d3a6735eb,https://site-stage.artbasel.com/access?action=activate&code=WiYBBV&userId=28ec6d9b-d9f7-ee11-a1fd-000d3a6735eb&extraAction=&redirect=
iOS_59830464091712822472410@grr.la,3MVsLF,e6acbc9f-d9f7-ee11-a1fd-000d3ab66fe3,https://site-stage.artbasel.com/access?action=activate&code=3MVsLF&userId=e6acbc9f-d9f7-ee11-a1fd-000d3ab66fe3&extraAction=&redirect=
iOS_34825489781712822474543@grr.la,ZPeRSz,094198a1-d9f7-ee11-a1fd-000d3a6735eb,https://site-stage.artbasel.com/access?action=activate&code=ZPeRSz&userId=094198a1-d9f7-ee11-a1fd-000d3a6735eb&extraAction=&redirect=
iOS_57910162601712822475226@grr.la,BRvNTx,dc4995a2-d9f7-ee11-a1fd-000d3a64d5ed,https://site-stage.artbasel.com/access?action=activate&code=BRvNTx&userId=dc4995a2-d9f7-ee11-a1fd-000d3a64d5ed&extraAction=&redirect=
iOS_25693459991712822486769@grr.la,EwmM54,98fadfab-d9f7-ee11-a1fd-000d3abaaabc,https://site-stage.artbasel.com/access?action=activate&code=EwmM54&userId=98fadfab-d9f7-ee11-a1fd-000d3abaaabc&extraAction=&redirect=
iOS_17812779321712822487007@grr.la,PbHca5,a0fadfab-d9f7-ee11-a1fd-000d3abaaabc,https://site-stage.artbasel.com/access?action=activate&code=PbHca5&userId=a0fadfab-d9f7-ee11-a1fd-000d3abaaabc&extraAction=&redirect=
iOS_21040031911712822487789@grr.la,6qw3XM,025cb9ab-d9f7-ee11-a1fd-000d3ab66fe3,https://site-stage.artbasel.com/access?action=activate&code=6qw3XM&userId=025cb9ab-d9f7-ee11-a1fd-000d3ab66fe3&extraAction=&redirect=
iOS_60104319491712822488589@grr.la,MCyjzH,56432eac-d9f7-ee11-a1fd-0022489d3ac0,https://site-stage.artbasel.com/access?action=activate&code=MCyjzH&userId=56432eac-d9f7-ee11-a1fd-0022489d3ac0&extraAction=&redirect=
iOS_32922169781712822493942@grr.la,tb397K,99287aae-d9f7-ee11-a1fd-000d3ab6629b,https://site-stage.artbasel.com/access?action=activate&code=tb397K&userId=99287aae-d9f7-ee11-a1fd-000d3ab6629b&extraAction=&redirect=
iOS_77937050341712822496992@grr.la,PaTUBW,7387d7ad-d9f7-ee11-a1fd-000d3a6735eb,https://site-stage.artbasel.com/access?action=activate&code=PaTUBW&userId=7387d7ad-d9f7-ee11-a1fd-000d3a6735eb&extraAction=&redirect=
iOS_39717976311712822497204@grr.la,98nKJv,549441b1-d9f7-ee11-a1fd-000d3ab80899,https://site-stage.artbasel.com/access?action=activate&code=98nKJv&userId=549441b1-d9f7-ee11-a1fd-000d3ab80899&extraAction=&redirect=
iOS_61513113001712822508249@grr.la,Mh7fFg,87ce8cb4-d9f7-ee11-a1fd-000d3ab6629b,https://site-stage.artbasel.com/access?action=activate&code=Mh7fFg&userId=87ce8cb4-d9f7-ee11-a1fd-000d3ab6629b&extraAction=&redirect=
iOS_19124113211712822508126@grr.la,DruUdQ,e522fdb3-d9f7-ee11-a1fd-000d3a6735eb,https://site-stage.artbasel.com/access?action=activate&code=DruUdQ&userId=e522fdb3-d9f7-ee11-a1fd-000d3a6735eb&extraAction=&redirect=
iOS_4090835391712822509015@grr.la,7qUKYh,a2fc96b8-d9f7-ee11-a1fd-000d3ab64c29,https://site-stage.artbasel.com/access?action=activate&code=7qUKYh&userId=a2fc96b8-d9f7-ee11-a1fd-000d3ab64c29&extraAction=&redirect=
iOS_83472662441712822515177@grr.la,nE28wC,7abc8bb7-d9f7-ee11-a1fd-000d3a6739a5,https://site-stage.artbasel.com/access?action=activate&code=nE28wC&userId=7abc8bb7-d9f7-ee11-a1fd-000d3a6739a5&extraAction=&redirect=
iOS_62045894131712822518640@grr.la,fenC7M,4d4ee4be-d9f7-ee11-a1fd-0022489d3ac0,https://site-stage.artbasel.com/access?action=activate&code=fenC7M&userId=4d4ee4be-d9f7-ee11-a1fd-0022489d3ac0&extraAction=&redirect=
iOS_60208804321712822518799@grr.la,6ydqM5,d3d198be-d9f7-ee11-a1fd-000d3ab64c29,https://site-stage.artbasel.com/access?action=activate&code=6ydqM5&userId=d3d198be-d9f7-ee11-a1fd-000d3ab64c29&extraAction=&redirect=
iOS_13031443661712822529124@grr.la,tRhFr5,ee74c1c1-d9f7-ee11-a1fd-000d3a67e351,https://site-stage.artbasel.com/access?action=activate&code=tRhFr5&userId=ee74c1c1-d9f7-ee11-a1fd-000d3a67e351&extraAction=&redirect=
iOS_99410299361712822530581@grr.la,AvmbCX,1fef81c4-d9f7-ee11-a1fd-000d3ab66fe3,https://site-stage.artbasel.com/access?action=activate&code=AvmbCX&userId=1fef81c4-d9f7-ee11-a1fd-000d3ab66fe3&extraAction=&redirect=
iOS_38477437231712822529774@grr.la,r3u3wS,d6baadc4-d9f7-ee11-a1fd-000d3ab64c29,https://site-stage.artbasel.com/access?action=activate&code=r3u3wS&userId=d6baadc4-d9f7-ee11-a1fd-000d3ab64c29&extraAction=&redirect=
iOS_66845988081712822529799@grr.la,vy3Kmd,50f665c4-d9f7-ee11-a1fd-000d3a6739a5,https://site-stage.artbasel.com/access?action=activate&code=vy3Kmd&userId=50f665c4-d9f7-ee11-a1fd-000d3a6739a5&extraAction=&redirect=
iOS_35732271841712822536373@grr.la,phXfZH,17eb62c4-d9f7-ee11-a1fd-000d3ab80899,https://site-stage.artbasel.com/access?action=activate&code=phXfZH&userId=17eb62c4-d9f7-ee11-a1fd-000d3ab80899&extraAction=&redirect=
iOS_88931439151712822540067@grr.la,KuhCqD,aa729bc6-d9f7-ee11-a1fd-000d3a6735eb,https://site-stage.artbasel.com/access?action=activate&code=KuhCqD&userId=aa729bc6-d9f7-ee11-a1fd-000d3a6735eb&extraAction=&redirect=
iOS_58431858761712822540645@grr.la,2BRv9y,7f55b4ca-d9f7-ee11-a1fd-000d3ab64c29,https://site-stage.artbasel.com/access?action=activate&code=2BRv9y&userId=7f55b4ca-d9f7-ee11-a1fd-000d3ab64c29&extraAction=&redirect=
iOS_81082755811712822551102@grr.la,aiEkA5,5936c4d0-d9f7-ee11-a1fd-000d3a6739a5,https://site-stage.artbasel.com/access?action=activate&code=aiEkA5&userId=5936c4d0-d9f7-ee11-a1fd-000d3a6739a5&extraAction=&redirect=
iOS_4453600401712822552957@grr.la,E9isC9,d879c4d0-d9f7-ee11-a1fd-000d3ab64c29,https://site-stage.artbasel.com/access?action=activate&code=E9isC9&userId=d879c4d0-d9f7-ee11-a1fd-000d3ab64c29&extraAction=&redirect=
iOS_18712898411712822553200@grr.la,mXffVq,497fbcd0-d9f7-ee11-a1fd-000d3ab66fe3,https://site-stage.artbasel.com/access?action=activate&code=mXffVq&userId=497fbcd0-d9f7-ee11-a1fd-000d3ab66fe3&extraAction=&redirect=
iOS_40533710901712822553005@grr.la,qJGzee,fc29edd3-d9f7-ee11-a1fd-000d3a67e351,https://site-stage.artbasel.com/access?action=activate&code=qJGzee&userId=fc29edd3-d9f7-ee11-a1fd-000d3a67e351&extraAction=&redirect=
iOS_21083558051712822558184@grr.la,B59fq4,a66b1ad4-d9f7-ee11-a1fd-000d3a673423,https://site-stage.artbasel.com/access?action=activate&code=B59fq4&userId=a66b1ad4-d9f7-ee11-a1fd-000d3a673423&extraAction=&redirect=
iOS_37146415271712822562111@grr.la,uaVdNF,c57c97d9-d9f7-ee11-a1fd-000d3a6737e2,https://site-stage.artbasel.com/access?action=activate&code=uaVdNF&userId=c57c97d9-d9f7-ee11-a1fd-000d3a6737e2&extraAction=&redirect=
iOS_79955235801712822561807@grr.la,Xm9A3v,57d2b4d6-d9f7-ee11-a1fd-000d3ab66fe3,https://site-stage.artbasel.com/access?action=activate&code=Xm9A3v&userId=57d2b4d6-d9f7-ee11-a1fd-000d3ab66fe3&extraAction=&redirect=
iOS_22805085511712822574706@grr.la,uLC9sb,dba694df-d9f7-ee11-a1fd-000d3a6737e2,https://site-stage.artbasel.com/access?action=activate&code=uLC9sb&userId=dba694df-d9f7-ee11-a1fd-000d3a6737e2&extraAction=&redirect=
iOS_19006350511712822575379@grr.la,C4tUUr,4edcefdb-d9f7-ee11-a1fd-000d3a64d5ed,https://site-stage.artbasel.com/access?action=activate&code=C4tUUr&userId=4edcefdb-d9f7-ee11-a1fd-000d3a64d5ed&extraAction=&redirect=
iOS_20009310421712822575386@grr.la,egMk2E,d8af0add-d9f7-ee11-a1fd-000d3a6739a5,https://site-stage.artbasel.com/access?action=activate&code=egMk2E&userId=d8af0add-d9f7-ee11-a1fd-000d3a6739a5&extraAction=&redirect=
iOS_29629208101712822579829@grr.la,u6Pndy,91ebf7df-d9f7-ee11-a1fd-000d3a67e351,https://site-stage.artbasel.com/access?action=activate&code=u6Pndy&userId=91ebf7df-d9f7-ee11-a1fd-000d3a67e351&extraAction=&redirect=
iOS_24724138551712822583638@grr.la,8dwVB4,3d7ca9e3-d9f7-ee11-a1fd-000d3abaaabc,https://site-stage.artbasel.com/access?action=activate&code=8dwVB4&userId=3d7ca9e3-d9f7-ee11-a1fd-000d3abaaabc&extraAction=&redirect=
iOS_63885407881712822583697@grr.la,CvDbGp,ba0b5ae6-d9f7-ee11-a1fd-000d3a6737e2,https://site-stage.artbasel.com/access?action=activate&code=CvDbGp&userId=ba0b5ae6-d9f7-ee11-a1fd-000d3a6737e2&extraAction=&redirect=
iOS_61183515111712822591805@grr.la,pdqXNy,789ad6e9-d9f7-ee11-a1fd-000d3a6739a5,https://site-stage.artbasel.com/access?action=activate&code=pdqXNy&userId=789ad6e9-d9f7-ee11-a1fd-000d3a6739a5&extraAction=&redirect=
iOS_81032940941712822601420@grr.la,zSsGgk,b63a9cec-d9f7-ee11-a1fd-000d3a6737e2,https://site-stage.artbasel.com/access?action=activate&code=zSsGgk&userId=b63a9cec-d9f7-ee11-a1fd-000d3a6737e2&extraAction=&redirect=
iOS_36963814441712822604870@grr.la,e45cz5,0a27f4f2-d9f7-ee11-a1fd-0022489d3ac0,https://site-stage.artbasel.com/access?action=activate&code=e45cz5&userId=0a27f4f2-d9f7-ee11-a1fd-0022489d3ac0&extraAction=&redirect=
iOS_22112517441712822605345@grr.la,yCwpr8,484c37ef-d9f7-ee11-a1fd-000d3a64d5ed,https://site-stage.artbasel.com/access?action=activate&code=yCwpr8&userId=484c37ef-d9f7-ee11-a1fd-000d3a64d5ed&extraAction=&redirect=
iOS_12767170851712822613887@grr.la,sXqzvp,0258acf2-d9f7-ee11-a1fd-000d3a6737e2,https://site-stage.artbasel.com/access?action=activate&code=sXqzvp&userId=0258acf2-d9f7-ee11-a1fd-000d3a6737e2&extraAction=&redirect=
iOS_55290967671712822615165@grr.la,Fjtu9g,946feef7-d9f7-ee11-a1fd-000d3a67e351,https://site-stage.artbasel.com/access?action=activate&code=Fjtu9g&userId=946feef7-d9f7-ee11-a1fd-000d3a67e351&extraAction=&redirect=
iOS_11046330751712822615874@grr.la,g2MwWV,a86feef7-d9f7-ee11-a1fd-000d3a67e351,https://site-stage.artbasel.com/access?action=activate&code=g2MwWV&userId=a86feef7-d9f7-ee11-a1fd-000d3a67e351&extraAction=&redirect=
iOS_29832032851712822616092@grr.la,Jtc83e,6569d5f5-d9f7-ee11-a1fd-000d3a6730b0,https://site-stage.artbasel.com/access?action=activate&code=Jtc83e&userId=6569d5f5-d9f7-ee11-a1fd-000d3a6730b0&extraAction=&redirect=
iOS_83074659361712822622923@grr.la,Bb9uwH,de4927f8-d9f7-ee11-a1fd-000d3a6739a5,https://site-stage.artbasel.com/access?action=activate&code=Bb9uwH&userId=de4927f8-d9f7-ee11-a1fd-000d3a6739a5&extraAction=&redirect=
iOS_1536809211712822626303@grr.la,efjh6V,e9465fff-d9f7-ee11-a1fd-000d3a6735eb,https://site-stage.artbasel.com/access?action=activate&code=efjh6V&userId=e9465fff-d9f7-ee11-a1fd-000d3a6735eb&extraAction=&redirect=
iOS_49288811451712822626925@grr.la,K3jNxQ,94921ffe-d9f7-ee11-a1fd-000d3a6739a5,https://site-stage.artbasel.com/access?action=activate&code=K3jNxQ&userId=94921ffe-d9f7-ee11-a1fd-000d3a6739a5&extraAction=&redirect=
iOS_54837283251712822635737@grr.la,ktAJsa,9c6d7500-daf7-ee11-a1fd-0022489d3ac0,https://site-stage.artbasel.com/access?action=activate&code=ktAJsa&userId=9c6d7500-daf7-ee11-a1fd-0022489d3ac0&extraAction=&redirect=
iOS_84861829441712822644410@grr.la,R8a466,8946db05-daf7-ee11-a1fd-000d3a673423,https://site-stage.artbasel.com/access?action=activate&code=R8a466&userId=8946db05-daf7-ee11-a1fd-000d3a673423&extraAction=&redirect=
iOS_88354766551712822647520@grr.la,zHhr96,48fc3b0c-daf7-ee11-a1fd-000d3a6735eb,https://site-stage.artbasel.com/access?action=activate&code=zHhr96&userId=48fc3b0c-daf7-ee11-a1fd-000d3a6735eb&extraAction=&redirect=
iOS_1827211751712822648866@grr.la,H2EBEH,f8544a09-daf7-ee11-a1fd-000d3a6730b0,https://site-stage.artbasel.com/access?action=activate&code=H2EBEH&userId=f8544a09-daf7-ee11-a1fd-000d3a6730b0&extraAction=&redirect=
iOS_31148316061712822655168@grr.la,BU2SRK,a672330d-daf7-ee11-a1fd-000d3ab66fe3,https://site-stage.artbasel.com/access?action=activate&code=BU2SRK&userId=a672330d-daf7-ee11-a1fd-000d3ab66fe3&extraAction=&redirect=
iOS_27905628931712822656868@grr.la,DhKZRU,685d680d-daf7-ee11-a1fd-000d3ab64c29,https://site-stage.artbasel.com/access?action=activate&code=DhKZRU&userId=685d680d-daf7-ee11-a1fd-000d3ab64c29&extraAction=&redirect=
iOS_42289623011712822657179@grr.la,HP4pLq,dab4f00f-daf7-ee11-a1fd-000d3a6730b0,https://site-stage.artbasel.com/access?action=activate&code=HP4pLq&userId=dab4f00f-daf7-ee11-a1fd-000d3a6730b0&extraAction=&redirect=
iOS_74301150841712822656895@grr.la,V24K77,444dd10c-daf7-ee11-a1fd-0022489d3ac0,https://site-stage.artbasel.com/access?action=activate&code=V24K77&userId=444dd10c-daf7-ee11-a1fd-0022489d3ac0&extraAction=&redirect=
iOS_71859322561712822668873@grr.la,wfbPbD,3e92d218-daf7-ee11-a1fd-0022489d3ac0,https://site-stage.artbasel.com/access?action=activate&code=wfbPbD&userId=3e92d218-daf7-ee11-a1fd-0022489d3ac0&extraAction=&redirect=
iOS_22828057751712822670703@grr.la,myTUwn,8e50ef17-daf7-ee11-a1fd-000d3a673423,https://site-stage.artbasel.com/access?action=activate&code=myTUwn&userId=8e50ef17-daf7-ee11-a1fd-000d3a673423&extraAction=&redirect=
iOS_73506669121712822676683@grr.la,xAvKA8,422f2b1c-daf7-ee11-a1fd-000d3a6730b0,https://site-stage.artbasel.com/access?action=activate&code=xAvKA8&userId=422f2b1c-daf7-ee11-a1fd-000d3a6730b0&extraAction=&redirect=
iOS_53828823071712822678439@grr.la,6jfncQ,858c7719-daf7-ee11-a1fd-000d3ab66fe3,https://site-stage.artbasel.com/access?action=activate&code=6jfncQ&userId=858c7719-daf7-ee11-a1fd-000d3ab66fe3&extraAction=&redirect=
iOS_63473405121712822678429@grr.la,tWKqRz,8865dc1e-daf7-ee11-a1fd-000d3ab6629b,https://site-stage.artbasel.com/access?action=activate&code=tWKqRz&userId=8865dc1e-daf7-ee11-a1fd-000d3ab6629b&extraAction=&redirect=
iOS_8564356961712822679098@grr.la,WUCdbs,6c36d21c-daf7-ee11-a1fd-000d3a67e351,https://site-stage.artbasel.com/access?action=activate&code=WUCdbs&userId=6c36d21c-daf7-ee11-a1fd-000d3a67e351&extraAction=&redirect=
iOS_76549666441712822684849@grr.la,DySkhU,20a7af21-daf7-ee11-a1fd-000d3a64d5ed,https://site-stage.artbasel.com/access?action=activate&code=DySkhU&userId=20a7af21-daf7-ee11-a1fd-000d3a64d5ed&extraAction=&redirect=
iOS_82899860771712822691040@grr.la,YJiMf3,39a1d122-daf7-ee11-a1fd-000d3a67e351,https://site-stage.artbasel.com/access?action=activate&code=YJiMf3&userId=39a1d122-daf7-ee11-a1fd-000d3a67e351&extraAction=&redirect=
iOS_84437635731712822691843@grr.la,dQwuRH,e4d67925-daf7-ee11-a1fd-000d3ab6629b,https://site-stage.artbasel.com/access?action=activate&code=dQwuRH&userId=e4d67925-daf7-ee11-a1fd-000d3ab6629b&extraAction=&redirect=
iOS_43021368151712822697783@grr.la,CrQnpi,bd023b27-daf7-ee11-a1fd-000d3abaaabc,https://site-stage.artbasel.com/access?action=activate&code=CrQnpi&userId=bd023b27-daf7-ee11-a1fd-000d3abaaabc&extraAction=&redirect=
iOS_15812402051712822699751@grr.la,sLcpag,ec4d852b-daf7-ee11-a1fd-000d3ab6629b,https://site-stage.artbasel.com/access?action=activate&code=sLcpag&userId=ec4d852b-daf7-ee11-a1fd-000d3ab6629b&extraAction=&redirect=
iOS_19750787361712822700649@grr.la,dRBxr8,cd023b27-daf7-ee11-a1fd-000d3abaaabc,https://site-stage.artbasel.com/access?action=activate&code=dRBxr8&userId=cd023b27-daf7-ee11-a1fd-000d3abaaabc&extraAction=&redirect=
iOS_34444212161712822700388@grr.la,zz2SnR,1aeef02b-daf7-ee11-a1fd-000d3a673423,https://site-stage.artbasel.com/access?action=activate&code=zz2SnR&userId=1aeef02b-daf7-ee11-a1fd-000d3a673423&extraAction=&redirect=
iOS_83955406511712822706099@grr.la,ZpNVPU,e94bea29-daf7-ee11-a1fd-000d3a6730b0,https://site-stage.artbasel.com/access?action=activate&code=ZpNVPU&userId=e94bea29-daf7-ee11-a1fd-000d3a6730b0&extraAction=&redirect=
iOS_91999051081712822712073@grr.la,C7KEaw,b702da2e-daf7-ee11-a1fd-000d3a67e351,https://site-stage.artbasel.com/access?action=activate&code=C7KEaw&userId=b702da2e-daf7-ee11-a1fd-000d3a67e351&extraAction=&redirect=
iOS_63942189151712822713343@grr.la,8fXFhw,f4008031-daf7-ee11-a1fd-000d3ab6629b,https://site-stage.artbasel.com/access?action=activate&code=8fXFhw&userId=f4008031-daf7-ee11-a1fd-000d3ab6629b&extraAction=&redirect=
iOS_79749736151712822719040@grr.la,KqmUjk,2fa9d434-daf7-ee11-a1fd-000d3a67e351,https://site-stage.artbasel.com/access?action=activate&code=KqmUjk&userId=2fa9d434-daf7-ee11-a1fd-000d3a67e351&extraAction=&redirect=
iOS_44137923371712822721021@grr.la,CfKxEF,0e382a34-daf7-ee11-a1fd-000d3a64d5ed,https://site-stage.artbasel.com/access?action=activate&code=CfKxEF&userId=0e382a34-daf7-ee11-a1fd-000d3a64d5ed&extraAction=&redirect=
iOS_58148128551712822722225@grr.la,PdFeEm,85c05937-daf7-ee11-a1fd-000d3a6737e2,https://site-stage.artbasel.com/access?action=activate&code=PdFeEm&userId=85c05937-daf7-ee11-a1fd-000d3a6737e2&extraAction=&redirect=
iOS_47325244671712822722181@grr.la,bZaRpq,cb167d37-daf7-ee11-a1fd-000d3ab6629b,https://site-stage.artbasel.com/access?action=activate&code=bZaRpq&userId=cb167d37-daf7-ee11-a1fd-000d3ab6629b&extraAction=&redirect=
iOS_72945332481712822727166@grr.la,i7KDCF,99c05937-daf7-ee11-a1fd-000d3a6737e2,https://site-stage.artbasel.com/access?action=activate&code=i7KDCF&userId=99c05937-daf7-ee11-a1fd-000d3a6737e2&extraAction=&redirect=
iOS_58084317971712822733347@grr.la,TZXAni,5068543d-daf7-ee11-a1fd-000d3a6737e2,https://site-stage.artbasel.com/access?action=activate&code=TZXAni&userId=5068543d-daf7-ee11-a1fd-000d3a6737e2&extraAction=&redirect=
iOS_19557143321712822735040@grr.la,WJ5825,14fd883e-daf7-ee11-a1fd-000d3ab66fe3,https://site-stage.artbasel.com/access?action=activate&code=WJ5825&userId=14fd883e-daf7-ee11-a1fd-000d3ab66fe3&extraAction=&redirect=
iOS_9834079601712822740810@grr.la,tgWTCz,63ddb243-daf7-ee11-a1fd-000d3ab6629b,https://site-stage.artbasel.com/access?action=activate&code=tgWTCz&userId=63ddb243-daf7-ee11-a1fd-000d3ab6629b&extraAction=&redirect=
iOS_46492912531712822742429@grr.la,K2WAcy,5157fd44-daf7-ee11-a1fd-000d3ab66fe3,https://site-stage.artbasel.com/access?action=activate&code=K2WAcy&userId=5157fd44-daf7-ee11-a1fd-000d3ab66fe3&extraAction=&redirect=
iOS_72186928061712822781560@grr.la,v9ghAw,c24a465b-daf7-ee11-a1fd-0022489d3ac0,https://site-stage.artbasel.com/access?action=activate&code=v9ghAw&userId=c24a465b-daf7-ee11-a1fd-0022489d3ac0&extraAction=&redirect=
iOS_70947400921712822782182@grr.la,RiBcws,47815a59-daf7-ee11-a1fd-000d3a6735eb,https://site-stage.artbasel.com/access?action=activate&code=RiBcws&userId=47815a59-daf7-ee11-a1fd-000d3a6735eb&extraAction=&redirect=
iOS_49085526661712822782195@grr.la,bxakkC,c54a465b-daf7-ee11-a1fd-0022489d3ac0,https://site-stage.artbasel.com/access?action=activate&code=bxakkC&userId=c54a465b-daf7-ee11-a1fd-0022489d3ac0&extraAction=&redirect=
iOS_50029648041712822782828@grr.la,M5gXGX,4b815a59-daf7-ee11-a1fd-000d3a6735eb,https://site-stage.artbasel.com/access?action=activate&code=M5gXGX&userId=4b815a59-daf7-ee11-a1fd-000d3a6735eb&extraAction=&redirect=
iOS_44172701081712822786578@grr.la,yJYdbu,36edd65b-daf7-ee11-a1fd-000d3a6730b0,https://site-stage.artbasel.com/access?action=activate&code=yJYdbu&userId=36edd65b-daf7-ee11-a1fd-000d3a6730b0&extraAction=&redirect=
iOS_79358183991712822795071@grr.la,ZiP4GN,90ac025f-daf7-ee11-a1fd-000d3a67e351,https://site-stage.artbasel.com/access?action=activate&code=ZiP4GN&userId=90ac025f-daf7-ee11-a1fd-000d3a67e351&extraAction=&redirect=
iOS_30579396021712822795038@grr.la,qWrfVE,35e6ed5f-daf7-ee11-a1fd-000d3a64d5ed,https://site-stage.artbasel.com/access?action=activate&code=qWrfVE&userId=35e6ed5f-daf7-ee11-a1fd-000d3a64d5ed&extraAction=&redirect=
iOS_86896593291712822803772@grr.la,ME6GTx,88f0fa64-daf7-ee11-a1fd-000d3a67e351,https://site-stage.artbasel.com/access?action=activate&code=ME6GTx&userId=88f0fa64-daf7-ee11-a1fd-000d3a67e351&extraAction=&redirect=
iOS_80368926381712822803916@grr.la,uaHnGH,a95c5e65-daf7-ee11-a1fd-000d3a673423,https://site-stage.artbasel.com/access?action=activate&code=uaHnGH&userId=a95c5e65-daf7-ee11-a1fd-000d3a673423&extraAction=&redirect=
iOS_39725437131712822808713@grr.la,nk2Edg,ad9ed26b-daf7-ee11-a1fd-000d3a673423,https://site-stage.artbasel.com/access?action=activate&code=nk2Edg&userId=ad9ed26b-daf7-ee11-a1fd-000d3a673423&extraAction=&redirect=
iOS_7518377211712822816752@grr.la,FWjnfX,99722970-daf7-ee11-a1fd-000d3a6737e2,https://site-stage.artbasel.com/access?action=activate&code=FWjnfX&userId=99722970-daf7-ee11-a1fd-000d3a6737e2&extraAction=&redirect=
iOS_74853143351712822817168@grr.la,QPmMim,5c00596e-daf7-ee11-a1fd-000d3a6730b0,https://site-stage.artbasel.com/access?action=activate&code=QPmMim&userId=5c00596e-daf7-ee11-a1fd-000d3a6730b0&extraAction=&redirect=
iOS_40989076841712822823879@grr.la,dBLASZ,63631671-daf7-ee11-a1fd-000d3a67e351,https://site-stage.artbasel.com/access?action=activate&code=dBLASZ&userId=63631671-daf7-ee11-a1fd-000d3a67e351&extraAction=&redirect=
iOS_45544673691712822823918@grr.la,ZfKvQJ,68631671-daf7-ee11-a1fd-000d3a67e351,https://site-stage.artbasel.com/access?action=activate&code=ZfKvQJ&userId=68631671-daf7-ee11-a1fd-000d3a67e351&extraAction=&redirect=
iOS_66914594051712822825222@grr.la,mSdP5H,ab755c72-daf7-ee11-a1fd-000d3a673423,https://site-stage.artbasel.com/access?action=activate&code=mSdP5H&userId=ab755c72-daf7-ee11-a1fd-000d3a673423&extraAction=&redirect=
iOS_4735347161712822826031@grr.la,nbHHbj,c89a0e74-daf7-ee11-a1fd-000d3abaaabc,https://site-stage.artbasel.com/access?action=activate&code=nbHHbj&userId=c89a0e74-daf7-ee11-a1fd-000d3abaaabc&extraAction=&redirect=
iOS_384842981712822830028@grr.la,BkvSzX,a3399f78-daf7-ee11-a1fd-000d3a64d5ed,https://site-stage.artbasel.com/access?action=activate&code=BkvSzX&userId=a3399f78-daf7-ee11-a1fd-000d3a64d5ed&extraAction=&redirect=
iOS_58725824201712822838088@grr.la,uKQSmB,87088c7d-daf7-ee11-a1fd-000d3a6735eb,https://site-stage.artbasel.com/access?action=activate&code=uKQSmB&userId=87088c7d-daf7-ee11-a1fd-000d3a6735eb&extraAction=&redirect=
iOS_22456523901712822838463@grr.la,yCsSks,1bf76e78-daf7-ee11-a1fd-000d3a673423,https://site-stage.artbasel.com/access?action=activate&code=yCsSks&userId=1bf76e78-daf7-ee11-a1fd-000d3a673423&extraAction=&redirect=
iOS_81338116801712822845036@grr.la,784GhL,b9599b80-daf7-ee11-a1fd-0022489d3ac0,https://site-stage.artbasel.com/access?action=activate&code=784GhL&userId=b9599b80-daf7-ee11-a1fd-0022489d3ac0&extraAction=&redirect=
iOS_88165012121712822845585@grr.la,5zLng9,cc01787e-daf7-ee11-a1fd-000d3a673423,https://site-stage.artbasel.com/access?action=activate&code=5zLng9&userId=cc01787e-daf7-ee11-a1fd-000d3a673423&extraAction=&redirect=
iOS_95369661431712822846440@grr.la,Uji9St,71de9e80-daf7-ee11-a1fd-000d3abaaabc,https://site-stage.artbasel.com/access?action=activate&code=Uji9St&userId=71de9e80-daf7-ee11-a1fd-000d3abaaabc&extraAction=&redirect=
iOS_58912193731712822848235@grr.la,NvtWj7,5d920183-daf7-ee11-a1fd-000d3a67e351,https://site-stage.artbasel.com/access?action=activate&code=NvtWj7&userId=5d920183-daf7-ee11-a1fd-000d3a67e351&extraAction=&redirect=
iOS_21060742411712822851811@grr.la,D9edwk,cc599b80-daf7-ee11-a1fd-0022489d3ac0,https://site-stage.artbasel.com/access?action=activate&code=D9edwk&userId=cc599b80-daf7-ee11-a1fd-0022489d3ac0&extraAction=&redirect=
iOS_80413183911712822860500@grr.la,7wH69e,3e1c8685-daf7-ee11-a1fd-000d3ab66fe3,https://site-stage.artbasel.com/access?action=activate&code=7wH69e&userId=3e1c8685-daf7-ee11-a1fd-000d3ab66fe3&extraAction=&redirect=
iOS_28340337761712822860043@grr.la,wiLCwq,8644de8a-daf7-ee11-a1fd-000d3a64d5ed,https://site-stage.artbasel.com/access?action=activate&code=wiLCwq&userId=8644de8a-daf7-ee11-a1fd-000d3a64d5ed&extraAction=&redirect=
iOS_4220982431712822867437@grr.la,XDrNGA,c796858b-daf7-ee11-a1fd-000d3ab66fe3,https://site-stage.artbasel.com/access?action=activate&code=XDrNGA&userId=c796858b-daf7-ee11-a1fd-000d3ab66fe3&extraAction=&redirect=
iOS_994790371712822868844@grr.la,Wtxy4w,b0fc088d-daf7-ee11-a1fd-000d3abaaabc,https://site-stage.artbasel.com/access?action=activate&code=Wtxy4w&userId=b0fc088d-daf7-ee11-a1fd-000d3abaaabc&extraAction=&redirect=
iOS_84322050611712822867645@grr.la,yLnDgL,a8fc088d-daf7-ee11-a1fd-000d3abaaabc,https://site-stage.artbasel.com/access?action=activate&code=yLnDgL&userId=a8fc088d-daf7-ee11-a1fd-000d3abaaabc&extraAction=&redirect=
iOS_72791236331712822874153@grr.la,h9Ju9n,6224d98f-daf7-ee11-a1fd-000d3a6735eb,https://site-stage.artbasel.com/access?action=activate&code=h9Ju9n&userId=6224d98f-daf7-ee11-a1fd-000d3a6735eb&extraAction=&redirect=
iOS_70394762431712822876557@grr.la,QA7aN4,85bbfc90-daf7-ee11-a1fd-000d3a64d5ed,https://site-stage.artbasel.com/access?action=activate&code=QA7aN4&userId=85bbfc90-daf7-ee11-a1fd-000d3a64d5ed&extraAction=&redirect=
iOS_77564672701712822886339@grr.la,EMTVZz,e6054099-daf7-ee11-a1fd-000d3ab66fe3,https://site-stage.artbasel.com/access?action=activate&code=EMTVZz&userId=e6054099-daf7-ee11-a1fd-000d3ab66fe3&extraAction=&redirect=
iOS_32032763031712822886356@grr.la,DFvpiv,97c1ec94-daf7-ee11-a1fd-000d3a67e351,https://site-stage.artbasel.com/access?action=activate&code=DFvpiv&userId=97c1ec94-daf7-ee11-a1fd-000d3a67e351&extraAction=&redirect=
iOS_48869080141712822890158@grr.la,iQNxnx,a4f06499-daf7-ee11-a1fd-000d3abaaabc,https://site-stage.artbasel.com/access?action=activate&code=iQNxnx&userId=a4f06499-daf7-ee11-a1fd-000d3abaaabc&extraAction=&redirect=
iOS_30088928551712822890181@grr.la,QbRJ66,94a1929a-daf7-ee11-a1fd-0022489d3ac0,https://site-stage.artbasel.com/access?action=activate&code=QbRJ66&userId=94a1929a-daf7-ee11-a1fd-0022489d3ac0&extraAction=&redirect=
iOS_11581386371712822890140@grr.la,a3iTYx,2e2b0b9b-daf7-ee11-a1fd-000d3a67e351,https://site-stage.artbasel.com/access?action=activate&code=a3iTYx&userId=2e2b0b9b-daf7-ee11-a1fd-000d3a67e351&extraAction=&redirect=
iOS_55611511111712822895528@grr.la,svuNqF,5c2b0b9b-daf7-ee11-a1fd-000d3a67e351,https://site-stage.artbasel.com/access?action=activate&code=svuNqF&userId=5c2b0b9b-daf7-ee11-a1fd-000d3a67e351&extraAction=&redirect=
iOS_49927909151712822897612@grr.la,Hp3yb8,9319b99f-daf7-ee11-a1fd-000d3ab66fe3,https://site-stage.artbasel.com/access?action=activate&code=Hp3yb8&userId=9319b99f-daf7-ee11-a1fd-000d3ab66fe3&extraAction=&redirect=
iOS_34904191191712822908263@grr.la,2KKqQE,505576a7-daf7-ee11-a1fd-000d3a6730b0,https://site-stage.artbasel.com/access?action=activate&code=2KKqQE&userId=505576a7-daf7-ee11-a1fd-000d3a6730b0&extraAction=&redirect=
iOS_97921729821712822908221@grr.la,Tg4fVU,be991fa4-daf7-ee11-a1fd-000d3a6737e2,https://site-stage.artbasel.com/access?action=activate&code=Tg4fVU&userId=be991fa4-daf7-ee11-a1fd-000d3a6737e2&extraAction=&redirect=
iOS_84606672861712822912312@grr.la,bP8s7R,675576a7-daf7-ee11-a1fd-000d3a6730b0,https://site-stage.artbasel.com/access?action=activate&code=bP8s7R&userId=675576a7-daf7-ee11-a1fd-000d3a6730b0&extraAction=&redirect=
iOS_17269195001712822912570@grr.la,ksCgWe,460e82a7-daf7-ee11-a1fd-000d3ab64c29,https://site-stage.artbasel.com/access?action=activate&code=ksCgWe&userId=460e82a7-daf7-ee11-a1fd-000d3ab64c29&extraAction=&redirect=
iOS_3462822561712822912883@grr.la,fUuarz,9dd3d3a5-daf7-ee11-a1fd-000d3abaaabc,https://site-stage.artbasel.com/access?action=activate&code=fUuarz&userId=9dd3d3a5-daf7-ee11-a1fd-000d3abaaabc&extraAction=&redirect=
iOS_30513599971712822916935@grr.la,JbZsxF,6bf1edac-daf7-ee11-a1fd-0022489d3ac0,https://site-stage.artbasel.com/access?action=activate&code=JbZsxF&userId=6bf1edac-daf7-ee11-a1fd-0022489d3ac0&extraAction=&redirect=
iOS_4889331661712822918807@grr.la,e8jjeH,236fa7ac-daf7-ee11-a1fd-000d3abaaabc,https://site-stage.artbasel.com/access?action=activate&code=e8jjeH&userId=236fa7ac-daf7-ee11-a1fd-000d3abaaabc&extraAction=&redirect=
iOS_52483948471712822930016@grr.la,H73Mfv,4509b0b0-daf7-ee11-a1fd-000d3a6737e2,https://site-stage.artbasel.com/access?action=activate&code=H73Mfv&userId=4509b0b0-daf7-ee11-a1fd-000d3a6737e2&extraAction=&redirect=
iOS_5172272671712822933555@grr.la,vjT3dn,895c71b6-daf7-ee11-a1fd-000d3a673423,https://site-stage.artbasel.com/access?action=activate&code=vjT3dn&userId=895c71b6-daf7-ee11-a1fd-000d3a673423&extraAction=&redirect=
iOS_85346563921712822938314@grr.la,hddB9L,5202fab5-daf7-ee11-a1fd-000d3a6735eb,https://site-stage.artbasel.com/access?action=activate&code=hddB9L&userId=5202fab5-daf7-ee11-a1fd-000d3a6735eb&extraAction=&redirect=
iOS_99618672161712822939946@grr.la,vHrpET,c062aab9-daf7-ee11-a1fd-000d3a67e351,https://site-stage.artbasel.com/access?action=activate&code=vHrpET&userId=c062aab9-daf7-ee11-a1fd-000d3a67e351&extraAction=&redirect=
iOS_14339640561712822948729@grr.la,FyUe28,0566acbc-daf7-ee11-a1fd-000d3a673423,https://site-stage.artbasel.com/access?action=activate&code=FyUe28&userId=0566acbc-daf7-ee11-a1fd-000d3a673423&extraAction=&redirect=
iOS_28315558281712822952559@grr.la,9Y33vT,d61c20bd-daf7-ee11-a1fd-0022489d3ac0,https://site-stage.artbasel.com/access?action=activate&code=9Y33vT&userId=d61c20bd-daf7-ee11-a1fd-0022489d3ac0&extraAction=&redirect=
iOS_77042596061712822953188@grr.la,VBSTxa,8a09a5bf-daf7-ee11-a1fd-000d3a67e351,https://site-stage.artbasel.com/access?action=activate&code=VBSTxa&userId=8a09a5bf-daf7-ee11-a1fd-000d3a67e351&extraAction=&redirect=
iOS_54626821251712822953716@grr.la,3ZFg6d,5952e0be-daf7-ee11-a1fd-000d3a64d5ed,https://site-stage.artbasel.com/access?action=activate&code=3ZFg6d&userId=5952e0be-daf7-ee11-a1fd-000d3a64d5ed&extraAction=&redirect=
iOS_67150402361712822955023@grr.la,wabV77,e7e6bec2-daf7-ee11-a1fd-000d3a673423,https://site-stage.artbasel.com/access?action=activate&code=wabV77&userId=e7e6bec2-daf7-ee11-a1fd-000d3a673423&extraAction=&redirect=
iOS_32397781661712822959878@grr.la,A3gMUx,ab6edbc4-daf7-ee11-a1fd-000d3a64d5ed,https://site-stage.artbasel.com/access?action=activate&code=A3gMUx&userId=ab6edbc4-daf7-ee11-a1fd-000d3a64d5ed&extraAction=&redirect=
iOS_2030783031712822961051@grr.la,U54xzX,0195f1c3-daf7-ee11-a1fd-000d3ab66fe3,https://site-stage.artbasel.com/access?action=activate&code=U54xzX&userId=0195f1c3-daf7-ee11-a1fd-000d3ab66fe3&extraAction=&redirect=
iOS_73442562071712822970559@grr.la,3FVbWA,442a61c8-daf7-ee11-a1fd-000d3a6735eb,https://site-stage.artbasel.com/access?action=activate&code=3FVbWA&userId=442a61c8-daf7-ee11-a1fd-000d3a6735eb&extraAction=&redirect=
iOS_69928183511712822974290@grr.la,P3VFpM,2e5effc9-daf7-ee11-a1fd-000d3ab66fe3,https://site-stage.artbasel.com/access?action=activate&code=P3VFpM&userId=2e5effc9-daf7-ee11-a1fd-000d3ab66fe3&extraAction=&redirect=
iOS_7482932631712822974978@grr.la,FwYGnR,1e971dca-daf7-ee11-a1fd-000d3ab6629b,https://site-stage.artbasel.com/access?action=activate&code=FwYGnR&userId=1e971dca-daf7-ee11-a1fd-000d3ab6629b&extraAction=&redirect=
iOS_5589221501712822975983@grr.la,9gECeF,7e2002cd-daf7-ee11-a1fd-000d3a6730b0,https://site-stage.artbasel.com/access?action=activate&code=9gECeF&userId=7e2002cd-daf7-ee11-a1fd-000d3a6730b0&extraAction=&redirect=
iOS_82085916291712822981958@grr.la,mwmCX7,351c42cf-daf7-ee11-a1fd-000d3ab64c29,https://site-stage.artbasel.com/access?action=activate&code=mwmCX7&userId=351c42cf-daf7-ee11-a1fd-000d3ab64c29&extraAction=&redirect=
iOS_74710048101712822982526@grr.la,DgVc6u,f1f508d3-daf7-ee11-a1fd-000d3a6737e2,https://site-stage.artbasel.com/access?action=activate&code=DgVc6u&userId=f1f508d3-daf7-ee11-a1fd-000d3a6737e2&extraAction=&redirect=
iOS_28928538121712822992027@grr.la,QEwe7Q,b80813d5-daf7-ee11-a1fd-000d3a673423,https://site-stage.artbasel.com/access?action=activate&code=QEwe7Q&userId=b80813d5-daf7-ee11-a1fd-000d3a673423&extraAction=&redirect=
iOS_56748960191712822996013@grr.la,EiRucL,f73539d7-daf7-ee11-a1fd-000d3a64d5ed,https://site-stage.artbasel.com/access?action=activate&code=EiRucL&userId=f73539d7-daf7-ee11-a1fd-000d3a64d5ed&extraAction=&redirect=
iOS_16314130431712822996053@grr.la,v75d5t,da38b8db-daf7-ee11-a1fd-000d3ab64c29,https://site-stage.artbasel.com/access?action=activate&code=v75d5t&userId=da38b8db-daf7-ee11-a1fd-000d3ab64c29&extraAction=&redirect=
iOS_58685976361712822996491@grr.la,UjdwWE,fc3539d7-daf7-ee11-a1fd-000d3a64d5ed,https://site-stage.artbasel.com/access?action=activate&code=UjdwWE&userId=fc3539d7-daf7-ee11-a1fd-000d3a64d5ed&extraAction=&redirect=
iOS_27250877211712822997703@grr.la,FLUkVf,902273d7-daf7-ee11-a1fd-000d3abaaabc,https://site-stage.artbasel.com/access?action=activate&code=FLUkVf&userId=902273d7-daf7-ee11-a1fd-000d3abaaabc&extraAction=&redirect=
iOS_20570771021712823003302@grr.la,uYn5GL,a56d43df-daf7-ee11-a1fd-000d3a6730b0,https://site-stage.artbasel.com/access?action=activate&code=uYn5GL&userId=a56d43df-daf7-ee11-a1fd-000d3a6730b0&extraAction=&redirect=
iOS_84213361211712823004038@grr.la,bfyzJ4,1539b8db-daf7-ee11-a1fd-000d3ab64c29,https://site-stage.artbasel.com/access?action=activate&code=bfyzJ4&userId=1539b8db-daf7-ee11-a1fd-000d3ab64c29&extraAction=&redirect=
iOS_72440803891712823013419@grr.la,PSq8dW,f266cde3-daf7-ee11-a1fd-000d3ab6629b,https://site-stage.artbasel.com/access?action=activate&code=PSq8dW&userId=f266cde3-daf7-ee11-a1fd-000d3ab6629b&extraAction=&redirect=
iOS_235462341712823018486@grr.la,rXCMNx,99d9dee8-daf7-ee11-a1fd-000d3ab64c29,https://site-stage.artbasel.com/access?action=activate&code=rXCMNx&userId=99d9dee8-daf7-ee11-a1fd-000d3ab64c29&extraAction=&redirect=
iOS_95070423131712823018439@grr.la,y7RjUJ,d76d2ee9-daf7-ee11-a1fd-000d3a6735eb,https://site-stage.artbasel.com/access?action=activate&code=y7RjUJ&userId=d76d2ee9-daf7-ee11-a1fd-000d3a6735eb&extraAction=&redirect=
iOS_91847547781712823018027@grr.la,Y66RL2,b166f5e9-daf7-ee11-a1fd-000d3ab6629b,https://site-stage.artbasel.com/access?action=activate&code=Y66RL2&userId=b166f5e9-daf7-ee11-a1fd-000d3ab6629b&extraAction=&redirect=
iOS_71532150361712823019342@grr.la,jNLwLK,e16d2ee9-daf7-ee11-a1fd-000d3a6735eb,https://site-stage.artbasel.com/access?action=activate&code=jNLwLK&userId=e16d2ee9-daf7-ee11-a1fd-000d3a6735eb&extraAction=&redirect=
iOS_46496475381712823024634@grr.la,tCbkk9,a6f9a0e8-daf7-ee11-a1fd-0022489d3ac0,https://site-stage.artbasel.com/access?action=activate&code=tCbkk9&userId=a6f9a0e8-daf7-ee11-a1fd-0022489d3ac0&extraAction=&redirect=
iOS_89687147891712823025519@grr.la,SJZKpG,d5b26eec-daf7-ee11-a1fd-000d3a6730b0,https://site-stage.artbasel.com/access?action=activate&code=SJZKpG&userId=d5b26eec-daf7-ee11-a1fd-000d3a6730b0&extraAction=&redirect=
iOS_8159787001712823034938@grr.la,rhqZ36,b0a312f3-daf7-ee11-a1fd-000d3a6730b0,https://site-stage.artbasel.com/access?action=activate&code=rhqZ36&userId=b0a312f3-daf7-ee11-a1fd-000d3a6730b0&extraAction=&redirect=
iOS_62632521181712823039912@grr.la,EzQuFY,a8d6dbf2-daf7-ee11-a1fd-000d3a6737e2,https://site-stage.artbasel.com/access?action=activate&code=EzQuFY&userId=a8d6dbf2-daf7-ee11-a1fd-000d3a6737e2&extraAction=&redirect=
iOS_50213318151712823039828@grr.la,mZfTHR,a9d6dbf2-daf7-ee11-a1fd-000d3a6737e2,https://site-stage.artbasel.com/access?action=activate&code=mZfTHR&userId=a9d6dbf2-daf7-ee11-a1fd-000d3a6737e2&extraAction=&redirect=
iOS_99044687661712823040654@grr.la,egTi5B,fc6c4bf5-daf7-ee11-a1fd-000d3ab64c29,https://site-stage.artbasel.com/access?action=activate&code=egTi5B&userId=fc6c4bf5-daf7-ee11-a1fd-000d3ab64c29&extraAction=&redirect=
iOS_93624246271712823041316@grr.la,wWZT8q,ce89eef4-daf7-ee11-a1fd-0022489d3ac0,https://site-stage.artbasel.com/access?action=activate&code=wWZT8q&userId=ce89eef4-daf7-ee11-a1fd-0022489d3ac0&extraAction=&redirect=
iOS_47474035101712823047190@grr.la,xMYuQs,e795ddf5-daf7-ee11-a1fd-000d3a64d5ed,https://site-stage.artbasel.com/access?action=activate&code=xMYuQs&userId=e795ddf5-daf7-ee11-a1fd-000d3a64d5ed&extraAction=&redirect=
iOS_31486665131712823047574@grr.la,KF64LT,83053df9-daf7-ee11-a1fd-000d3a6737e2,https://site-stage.artbasel.com/access?action=activate&code=KF64LT&userId=83053df9-daf7-ee11-a1fd-000d3a6737e2&extraAction=&redirect=
iOS_65132704571712823056268@grr.la,9fAghz,43eb03ff-daf7-ee11-a1fd-000d3a6730b0,https://site-stage.artbasel.com/access?action=activate&code=9fAghz&userId=43eb03ff-daf7-ee11-a1fd-000d3a6730b0&extraAction=&redirect=
iOS_8319605621712823061855@grr.la,7cteJk,c76a35ff-daf7-ee11-a1fd-000d3a6737e2,https://site-stage.artbasel.com/access?action=activate&code=7cteJk&userId=c76a35ff-daf7-ee11-a1fd-000d3a6737e2&extraAction=&redirect=
iOS_58145866421712823062889@grr.la,5fvX6U,3a65ce01-dbf7-ee11-a1fd-000d3a67e351,https://site-stage.artbasel.com/access?action=activate&code=5fvX6U&userId=3a65ce01-dbf7-ee11-a1fd-000d3a67e351&extraAction=&redirect=
iOS_43160388271712823097000@grr.la,mxyHKv,1c18fb18-dbf7-ee11-a1fd-000d3a673423,https://site-stage.artbasel.com/access?action=activate&code=mxyHKv&userId=1c18fb18-dbf7-ee11-a1fd-000d3a673423&extraAction=&redirect=
iOS_45308413731712823101955@grr.la,BqzPMi,02e46b19-dbf7-ee11-a1fd-000d3ab64c29,https://site-stage.artbasel.com/access?action=activate&code=BqzPMi&userId=02e46b19-dbf7-ee11-a1fd-000d3ab64c29&extraAction=&redirect=
iOS_77571104211712823103137@grr.la,7qv3ZA,eaa6c919-dbf7-ee11-a1fd-000d3ab66fe3,https://site-stage.artbasel.com/access?action=activate&code=7qv3ZA&userId=eaa6c919-dbf7-ee11-a1fd-000d3ab66fe3&extraAction=&redirect=
iOS_69351013881712823104767@grr.la,JiAGZK,5b911118-dbf7-ee11-a1fd-000d3a6737e2,https://site-stage.artbasel.com/access?action=activate&code=JiAGZK&userId=5b911118-dbf7-ee11-a1fd-000d3a6737e2&extraAction=&redirect=
iOS_42200671901712823104035@grr.la,xK3BxQ,1ee46b19-dbf7-ee11-a1fd-000d3ab64c29,https://site-stage.artbasel.com/access?action=activate&code=xK3BxQ&userId=1ee46b19-dbf7-ee11-a1fd-000d3ab64c29&extraAction=&redirect=
iOS_64465838131712823109203@grr.la,xLZXU2,b2ddcf1a-dbf7-ee11-a1fd-000d3a6735eb,https://site-stage.artbasel.com/access?action=activate&code=xLZXU2&userId=b2ddcf1a-dbf7-ee11-a1fd-000d3a6735eb&extraAction=&redirect=
iOS_10694839401712823108791@grr.la,TBhkn2,615cc41f-dbf7-ee11-a1fd-000d3ab66fe3,https://site-stage.artbasel.com/access?action=activate&code=TBhkn2&userId=615cc41f-dbf7-ee11-a1fd-000d3ab66fe3&extraAction=&redirect=
iOS_40962336921712823119715@grr.la,PmYvQf,7c8b4621-dbf7-ee11-a1fd-000d3a6735eb,https://site-stage.artbasel.com/access?action=activate&code=PmYvQf&userId=7c8b4621-dbf7-ee11-a1fd-000d3a6735eb&extraAction=&redirect=
iOS_11179685271712823125899@grr.la,FhVyRY,461d7f29-dbf7-ee11-a1fd-0022489d3ac0,https://site-stage.artbasel.com/access?action=activate&code=FhVyRY&userId=461d7f29-dbf7-ee11-a1fd-0022489d3ac0&extraAction=&redirect=
iOS_51624831261712823126109@grr.la,6N4wv8,d88dd124-dbf7-ee11-a1fd-000d3a6737e2,https://site-stage.artbasel.com/access?action=activate&code=6N4wv8&userId=d88dd124-dbf7-ee11-a1fd-000d3a6737e2&extraAction=&redirect=
iOS_37121563401712823127912@grr.la,BqDPYT,721d7f29-dbf7-ee11-a1fd-0022489d3ac0,https://site-stage.artbasel.com/access?action=activate&code=BqDPYT&userId=721d7f29-dbf7-ee11-a1fd-0022489d3ac0&extraAction=&redirect=
iOS_14473400511712823127912@grr.la,xpRkP5,e18dd124-dbf7-ee11-a1fd-000d3a6737e2,https://site-stage.artbasel.com/access?action=activate&code=xpRkP5&userId=e18dd124-dbf7-ee11-a1fd-000d3a6737e2&extraAction=&redirect=
iOS_65660474761712823131520@grr.la,hqGRPB,14954728-dbf7-ee11-a1fd-000d3a6735eb,https://site-stage.artbasel.com/access?action=activate&code=hqGRPB&userId=14954728-dbf7-ee11-a1fd-000d3a6735eb&extraAction=&redirect=
iOS_3718079361712823131465@grr.la,xJgw24,3aab002b-dbf7-ee11-a1fd-000d3a6737e2,https://site-stage.artbasel.com/access?action=activate&code=xJgw24&userId=3aab002b-dbf7-ee11-a1fd-000d3a6737e2&extraAction=&redirect=
iOS_81090939121712823141386@grr.la,cQ4xqT,53c81f32-dbf7-ee11-a1fd-000d3a67e351,https://site-stage.artbasel.com/access?action=activate&code=cQ4xqT&userId=53c81f32-dbf7-ee11-a1fd-000d3a67e351&extraAction=&redirect=
iOS_25421722961712823147587@grr.la,rzT2yt,d33e2631-dbf7-ee11-a1fd-000d3a6737e2,https://site-stage.artbasel.com/access?action=activate&code=rzT2yt&userId=d33e2631-dbf7-ee11-a1fd-000d3a6737e2&extraAction=&redirect=
iOS_9494636381712823147453@grr.la,jPbWzR,54cfee35-dbf7-ee11-a1fd-000d3a6735eb,https://site-stage.artbasel.com/access?action=activate&code=jPbWzR&userId=54cfee35-dbf7-ee11-a1fd-000d3a6735eb&extraAction=&redirect=
iOS_13087345201712823153520@grr.la,6uF9m3,a9d39837-dbf7-ee11-a1fd-000d3ab64c29,https://site-stage.artbasel.com/access?action=activate&code=6uF9m3&userId=a9d39837-dbf7-ee11-a1fd-000d3ab64c29&extraAction=&redirect=
iOS_15980771141712823153706@grr.la,u5jdSW,9d072438-dbf7-ee11-a1fd-000d3ab66fe3,https://site-stage.artbasel.com/access?action=activate&code=u5jdSW&userId=9d072438-dbf7-ee11-a1fd-000d3ab66fe3&extraAction=&redirect=
iOS_55216223981712823162710@grr.la,6Cq7pG,e75a1c3e-dbf7-ee11-a1fd-000d3ab66fe3,https://site-stage.artbasel.com/access?action=activate&code=6Cq7pG&userId=e75a1c3e-dbf7-ee11-a1fd-000d3ab66fe3&extraAction=&redirect=
iOS_95233106041712823169250@grr.la,ErqGrX,175b1c3e-dbf7-ee11-a1fd-000d3ab66fe3,https://site-stage.artbasel.com/access?action=activate&code=ErqGrX&userId=175b1c3e-dbf7-ee11-a1fd-000d3ab66fe3&extraAction=&redirect=
iOS_2440897021712823169622@grr.la,hWGmEY,607af641-dbf7-ee11-a1fd-0022489d3ac0,https://site-stage.artbasel.com/access?action=activate&code=hWGmEY&userId=607af641-dbf7-ee11-a1fd-0022489d3ac0&extraAction=&redirect=
iOS_55315639801712823171558@grr.la,c6KYNa,4e656740-dbf7-ee11-a1fd-000d3a64d5ed,https://site-stage.artbasel.com/access?action=activate&code=c6KYNa&userId=4e656740-dbf7-ee11-a1fd-000d3a64d5ed&extraAction=&redirect=
iOS_47863231071712823171558@grr.la,n6kae2,eb856e42-dbf7-ee11-a1fd-000d3a6735eb,https://site-stage.artbasel.com/access?action=activate&code=n6kae2&userId=eb856e42-dbf7-ee11-a1fd-000d3a6735eb&extraAction=&redirect=
iOS_47661889731712823175526@grr.la,iSEbdu,6f7af641-dbf7-ee11-a1fd-0022489d3ac0,https://site-stage.artbasel.com/access?action=activate&code=iSEbdu&userId=6f7af641-dbf7-ee11-a1fd-0022489d3ac0&extraAction=&redirect=
iOS_10536222081712823175917@grr.la,Mfwpcc,5c1d1244-dbf7-ee11-a1fd-000d3a67e351,https://site-stage.artbasel.com/access?action=activate&code=Mfwpcc&userId=5c1d1244-dbf7-ee11-a1fd-000d3a67e351&extraAction=&redirect=
iOS_33646538551712823184258@grr.la,hdzpeL,6cb67248-dbf7-ee11-a1fd-000d3a6735eb,https://site-stage.artbasel.com/access?action=activate&code=hdzpeL&userId=6cb67248-dbf7-ee11-a1fd-000d3a6735eb&extraAction=&redirect=
iOS_41844466711712823190834@grr.la,zuRGsH,bd30e94e-dbf7-ee11-a1fd-0022489d3ac0,https://site-stage.artbasel.com/access?action=activate&code=zuRGsH&userId=bd30e94e-dbf7-ee11-a1fd-0022489d3ac0&extraAction=&redirect=
iOS_35974194911712823191276@grr.la,LzLQjh,7d53a74e-dbf7-ee11-a1fd-000d3a64d5ed,https://site-stage.artbasel.com/access?action=activate&code=LzLQjh&userId=7d53a74e-dbf7-ee11-a1fd-000d3a64d5ed&extraAction=&redirect=
iOS_33959644561712823193100@grr.la,vuVWEn,873c7c50-dbf7-ee11-a1fd-000d3a67e351,https://site-stage.artbasel.com/access?action=activate&code=vuVWEn&userId=873c7c50-dbf7-ee11-a1fd-000d3a67e351&extraAction=&redirect=
iOS_51096938431712823193990@grr.la,gL9exU,0f5fc94e-dbf7-ee11-a1fd-000d3a6730b0,https://site-stage.artbasel.com/access?action=activate&code=gL9exU&userId=0f5fc94e-dbf7-ee11-a1fd-000d3a6730b0&extraAction=&redirect=
iOS_43962912071712823198610@grr.la,ynbfdU,42a49f54-dbf7-ee11-a1fd-000d3a64d5ed,https://site-stage.artbasel.com/access?action=activate&code=ynbfdU&userId=42a49f54-dbf7-ee11-a1fd-000d3a64d5ed&extraAction=&redirect=
iOS_54349669901712823198422@grr.la,cxWQZ9,ce30e94e-dbf7-ee11-a1fd-0022489d3ac0,https://site-stage.artbasel.com/access?action=activate&code=cxWQZ9&userId=ce30e94e-dbf7-ee11-a1fd-0022489d3ac0&extraAction=&redirect=
iOS_42341035401712823206026@grr.la,p3mvS4,14631957-dbf7-ee11-a1fd-000d3ab66fe3,https://site-stage.artbasel.com/access?action=activate&code=p3mvS4&userId=14631957-dbf7-ee11-a1fd-000d3ab66fe3&extraAction=&redirect=
iOS_48669010441712823212979@grr.la,vXCFPQ,ef7e2659-dbf7-ee11-a1fd-000d3abaaabc,https://site-stage.artbasel.com/access?action=activate&code=vXCFPQ&userId=ef7e2659-dbf7-ee11-a1fd-000d3abaaabc&extraAction=&redirect=
iOS_2427828481712823212482@grr.la,HnGj8s,97853b5b-dbf7-ee11-a1fd-0022489d3ac0,https://site-stage.artbasel.com/access?action=activate&code=HnGj8s&userId=97853b5b-dbf7-ee11-a1fd-0022489d3ac0&extraAction=&redirect=
iOS_56065342981712823214248@grr.la,6SJA82,3a66f65c-dbf7-ee11-a1fd-000d3ab64c29,https://site-stage.artbasel.com/access?action=activate&code=6SJA82&userId=3a66f65c-dbf7-ee11-a1fd-000d3ab64c29&extraAction=&redirect=
iOS_43894330391712823215360@grr.la,LXr77D,030b2c5d-dbf7-ee11-a1fd-000d3ab66fe3,https://site-stage.artbasel.com/access?action=activate&code=LXr77D&userId=030b2c5d-dbf7-ee11-a1fd-000d3ab66fe3&extraAction=&redirect=
iOS_88483428591712823220463@grr.la,fc46Xi,d513e161-dbf7-ee11-a1fd-000d3a6730b0,https://site-stage.artbasel.com/access?action=activate&code=fc46Xi&userId=d513e161-dbf7-ee11-a1fd-000d3a6730b0&extraAction=&redirect=
iOS_62306200361712823220459@grr.la,M6WRej,a6ed845c-dbf7-ee11-a1fd-000d3ab6629b,https://site-stage.artbasel.com/access?action=activate&code=M6WRej&userId=a6ed845c-dbf7-ee11-a1fd-000d3ab6629b&extraAction=&redirect=
iOS_4224485061712823228102@grr.la,V65WYB,7c496066-dbf7-ee11-a1fd-000d3a64d5ed,https://site-stage.artbasel.com/access?action=activate&code=V65WYB&userId=7c496066-dbf7-ee11-a1fd-000d3a64d5ed&extraAction=&redirect=
iOS_48395713091712823234354@grr.la,SrFhHc,42194064-dbf7-ee11-a1fd-000d3ab66fe3,https://site-stage.artbasel.com/access?action=activate&code=SrFhHc&userId=42194064-dbf7-ee11-a1fd-000d3ab66fe3&extraAction=&redirect=
iOS_11359349271712823234329@grr.la,sfvnmt,e3c36165-dbf7-ee11-a1fd-000d3a6737e2,https://site-stage.artbasel.com/access?action=activate&code=sfvnmt&userId=e3c36165-dbf7-ee11-a1fd-000d3a6737e2&extraAction=&redirect=
iOS_37399706741712823235761@grr.la,MEqFkD,ecc36165-dbf7-ee11-a1fd-000d3a6737e2,https://site-stage.artbasel.com/access?action=activate&code=MEqFkD&userId=ecc36165-dbf7-ee11-a1fd-000d3a6737e2&extraAction=&redirect=
iOS_65232789881712823236844@grr.la,C4h8M7,31cdab6b-dbf7-ee11-a1fd-0022489d3ac0,https://site-stage.artbasel.com/access?action=activate&code=C4h8M7&userId=31cdab6b-dbf7-ee11-a1fd-0022489d3ac0&extraAction=&redirect=
iOS_45492926711712823241931@grr.la,s7x946,5ecb066d-dbf7-ee11-a1fd-000d3a64d5ed,https://site-stage.artbasel.com/access?action=activate&code=s7x946&userId=5ecb066d-dbf7-ee11-a1fd-000d3a64d5ed&extraAction=&redirect=
iOS_21903485951712823242150@grr.la,sapP9K,0c40c96b-dbf7-ee11-a1fd-000d3abaaabc,https://site-stage.artbasel.com/access?action=activate&code=sapP9K&userId=0c40c96b-dbf7-ee11-a1fd-000d3abaaabc&extraAction=&redirect=
iOS_15768798331712823249468@grr.la,QnjAWJ,2158e66d-dbf7-ee11-a1fd-000d3a6735eb,https://site-stage.artbasel.com/access?action=activate&code=QnjAWJ&userId=2158e66d-dbf7-ee11-a1fd-000d3a6735eb&extraAction=&redirect=
iOS_88689020191712823255431@grr.la,WZJFFC,7a430673-dbf7-ee11-a1fd-000d3a64d5ed,https://site-stage.artbasel.com/access?action=activate&code=WZJFFC&userId=7a430673-dbf7-ee11-a1fd-000d3a64d5ed&extraAction=&redirect=
iOS_67115551491712823256225@grr.la,JpfzpA,f0fa6972-dbf7-ee11-a1fd-0022489d3ac0,https://site-stage.artbasel.com/access?action=activate&code=JpfzpA&userId=f0fa6972-dbf7-ee11-a1fd-0022489d3ac0&extraAction=&redirect=
iOS_52618133991712823257242@grr.la,4fCmkw,ddc6a074-dbf7-ee11-a1fd-000d3a6737e2,https://site-stage.artbasel.com/access?action=activate&code=4fCmkw&userId=ddc6a074-dbf7-ee11-a1fd-000d3a6737e2&extraAction=&redirect=
iOS_56086991471712823258350@grr.la,uxng5w,95a58878-dbf7-ee11-a1fd-0022489d3ac0,https://site-stage.artbasel.com/access?action=activate&code=uxng5w&userId=95a58878-dbf7-ee11-a1fd-0022489d3ac0&extraAction=&redirect=
iOS_71538890951712823263580@grr.la,U2QmDy,42cc5679-dbf7-ee11-a1fd-000d3a64d5ed,https://site-stage.artbasel.com/access?action=activate&code=U2QmDy&userId=42cc5679-dbf7-ee11-a1fd-000d3a64d5ed&extraAction=&redirect=
iOS_19806814261712823263722@grr.la,K56ueh,43cc5679-dbf7-ee11-a1fd-000d3a64d5ed,https://site-stage.artbasel.com/access?action=activate&code=K56ueh&userId=43cc5679-dbf7-ee11-a1fd-000d3a64d5ed&extraAction=&redirect=
iOS_61913181151712823270964@grr.la,73iwxZ,bba5a27a-dbf7-ee11-a1fd-000d3a6730b0,https://site-stage.artbasel.com/access?action=activate&code=73iwxZ&userId=bba5a27a-dbf7-ee11-a1fd-000d3a6730b0&extraAction=&redirect=
iOS_97692706971712823276995@grr.la,jeBPiG,093c1c83-dbf7-ee11-a1fd-000d3a673423,https://site-stage.artbasel.com/access?action=activate&code=jeBPiG&userId=093c1c83-dbf7-ee11-a1fd-000d3a673423&extraAction=&redirect=
iOS_53594729141712823278426@grr.la,KzEYCf,1a3c1c83-dbf7-ee11-a1fd-000d3a673423,https://site-stage.artbasel.com/access?action=activate&code=KzEYCf&userId=1a3c1c83-dbf7-ee11-a1fd-000d3a673423&extraAction=&redirect=
iOS_20165908331712823278595@grr.la,ABMAPw,1d3c1c83-dbf7-ee11-a1fd-000d3a673423,https://site-stage.artbasel.com/access?action=activate&code=ABMAPw&userId=1d3c1c83-dbf7-ee11-a1fd-000d3a673423&extraAction=&redirect=
iOS_92011078461712823279968@grr.la,Zct3s5,72882983-dbf7-ee11-a1fd-000d3ab66fe3,https://site-stage.artbasel.com/access?action=activate&code=Zct3s5&userId=72882983-dbf7-ee11-a1fd-000d3ab66fe3&extraAction=&redirect=
iOS_91477654401712823285424@grr.la,Mwnheg,d0f19587-dbf7-ee11-a1fd-000d3a6735eb,https://site-stage.artbasel.com/access?action=activate&code=Mwnheg&userId=d0f19587-dbf7-ee11-a1fd-000d3a6735eb&extraAction=&redirect=
iOS_83701542831712823285195@grr.la,tiNSB3,c0882983-dbf7-ee11-a1fd-000d3ab66fe3,https://site-stage.artbasel.com/access?action=activate&code=tiNSB3&userId=c0882983-dbf7-ee11-a1fd-000d3ab66fe3&extraAction=&redirect=
iOS_8832410351712823292363@grr.la,SsNM6U,ddf19587-dbf7-ee11-a1fd-000d3a6735eb,https://site-stage.artbasel.com/access?action=activate&code=SsNM6U&userId=ddf19587-dbf7-ee11-a1fd-000d3a6735eb&extraAction=&redirect=
iOS_13735852691712823298919@grr.la,phwLge,92f0e18e-dbf7-ee11-a1fd-000d3ab64c29,https://site-stage.artbasel.com/access?action=activate&code=phwLge&userId=92f0e18e-dbf7-ee11-a1fd-000d3ab64c29&extraAction=&redirect=
iOS_31438301711712823299968@grr.la,er7gmt,14caa38f-dbf7-ee11-a1fd-000d3a6730b0,https://site-stage.artbasel.com/access?action=activate&code=er7gmt&userId=14caa38f-dbf7-ee11-a1fd-000d3a6730b0&extraAction=&redirect=
iOS_81017023021712823301809@grr.la,nTnadU,c8f0e18e-dbf7-ee11-a1fd-000d3ab64c29,https://site-stage.artbasel.com/access?action=activate&code=nTnadU&userId=c8f0e18e-dbf7-ee11-a1fd-000d3ab64c29&extraAction=&redirect=
iOS_74030276951712823306911@grr.la,PreVnV,a0104a95-dbf7-ee11-a1fd-000d3a64d5ed,https://site-stage.artbasel.com/access?action=activate&code=PreVnV&userId=a0104a95-dbf7-ee11-a1fd-000d3a64d5ed&extraAction=&redirect=
iOS_69240062721712823306889@grr.la,wj3Xdx,d1a6e794-dbf7-ee11-a1fd-000d3ab6629b,https://site-stage.artbasel.com/access?action=activate&code=wj3Xdx&userId=d1a6e794-dbf7-ee11-a1fd-000d3ab6629b&extraAction=&redirect=
iOS_78592890191712823313892@grr.la,xjHTeq,ecb7a895-dbf7-ee11-a1fd-000d3ab66fe3,https://site-stage.artbasel.com/access?action=activate&code=xjHTeq&userId=ecb7a895-dbf7-ee11-a1fd-000d3ab66fe3&extraAction=&redirect=
iOS_70531694291712823319804@grr.la,hskYGS,1043f99b-dbf7-ee11-a1fd-000d3ab66fe3,https://site-stage.artbasel.com/access?action=activate&code=hskYGS&userId=1043f99b-dbf7-ee11-a1fd-000d3ab66fe3&extraAction=&redirect=
iOS_71463597891712823320451@grr.la,PFbKmy,6bb5c19b-dbf7-ee11-a1fd-000d3a6730b0,https://site-stage.artbasel.com/access?action=activate&code=PFbKmy&userId=6bb5c19b-dbf7-ee11-a1fd-000d3a6730b0&extraAction=&redirect=
iOS_73862643321712823323516@grr.la,dMa897,f484009d-dbf7-ee11-a1fd-000d3a673423,https://site-stage.artbasel.com/access?action=activate&code=dMa897&userId=f484009d-dbf7-ee11-a1fd-000d3a673423&extraAction=&redirect=
iOS_38387159371712823323370@grr.la,Tb5ZBf,f084009d-dbf7-ee11-a1fd-000d3a673423,https://site-stage.artbasel.com/access?action=activate&code=Tb5ZBf&userId=f084009d-dbf7-ee11-a1fd-000d3a673423&extraAction=&redirect=
iOS_3171277861712823336161@grr.la,vVznLV,f4838aa3-dbf7-ee11-a1fd-000d3a64d5ed,https://site-stage.artbasel.com/access?action=activate&code=vVznLV&userId=f4838aa3-dbf7-ee11-a1fd-000d3a64d5ed&extraAction=&redirect=
iOS_30496854731712823341242@grr.la,BUt6kZ,07def5a8-dbf7-ee11-a1fd-000d3a673423,https://site-stage.artbasel.com/access?action=activate&code=BUt6kZ&userId=07def5a8-dbf7-ee11-a1fd-000d3a673423&extraAction=&redirect=
iOS_87328958271712823341703@grr.la,WyThiN,380b8ca8-dbf7-ee11-a1fd-000d3ab66fe3,https://site-stage.artbasel.com/access?action=activate&code=WyThiN&userId=380b8ca8-dbf7-ee11-a1fd-000d3ab66fe3&extraAction=&redirect=
iOS_4561705321712823344916@grr.la,qE37iv,95d053a8-dbf7-ee11-a1fd-000d3a6737e2,https://site-stage.artbasel.com/access?action=activate&code=qE37iv&userId=95d053a8-dbf7-ee11-a1fd-000d3a6737e2&extraAction=&redirect=
iOS_65023417551712823344943@grr.la,K8SefF,92bb2cac-dbf7-ee11-a1fd-000d3a64d5ed,https://site-stage.artbasel.com/access?action=activate&code=K8SefF&userId=92bb2cac-dbf7-ee11-a1fd-000d3a64d5ed&extraAction=&redirect=
iOS_82745137961712823347693@grr.la,zCYTmx,8c5497aa-dbf7-ee11-a1fd-000d3a67e351,https://site-stage.artbasel.com/access?action=activate&code=zCYTmx&userId=8c5497aa-dbf7-ee11-a1fd-000d3a67e351&extraAction=&redirect=
iOS_48352072531712823348264@grr.la,WSBAZ2,04142ba9-dbf7-ee11-a1fd-0022489d3ac0,https://site-stage.artbasel.com/access?action=activate&code=WSBAZ2&userId=04142ba9-dbf7-ee11-a1fd-0022489d3ac0&extraAction=&redirect=
iOS_87675982991712823357988@grr.la,FGBWnq,7ed0b8af-dbf7-ee11-a1fd-000d3a673423,https://site-stage.artbasel.com/access?action=activate&code=FGBWnq&userId=7ed0b8af-dbf7-ee11-a1fd-000d3a673423&extraAction=&redirect=
iOS_82674038931712823363097@grr.la,Ws7Gei,3c7da3b2-dbf7-ee11-a1fd-000d3a64d5ed,https://site-stage.artbasel.com/access?action=activate&code=Ws7Gei&userId=3c7da3b2-dbf7-ee11-a1fd-000d3a64d5ed&extraAction=&redirect=
iOS_73490865691712823363284@grr.la,TYBUdx,44dcf3b5-dbf7-ee11-a1fd-000d3a673423,https://site-stage.artbasel.com/access?action=activate&code=TYBUdx&userId=44dcf3b5-dbf7-ee11-a1fd-000d3a673423&extraAction=&redirect=
iOS_22432311741712823366614@grr.la,4x4PhD,47150db9-dbf7-ee11-a1fd-000d3ab6629b,https://site-stage.artbasel.com/access?action=activate&code=4x4PhD&userId=47150db9-dbf7-ee11-a1fd-000d3ab6629b&extraAction=&redirect=
iOS_76206999791712823366811@grr.la,UrXjnd,4edcf3b5-dbf7-ee11-a1fd-000d3a673423,https://site-stage.artbasel.com/access?action=activate&code=UrXjnd&userId=4edcf3b5-dbf7-ee11-a1fd-000d3a673423&extraAction=&redirect=
iOS_39306820931712823368906@grr.la,B3RG5e,d2db87b6-dbf7-ee11-a1fd-000d3a67e351,https://site-stage.artbasel.com/access?action=activate&code=B3RG5e&userId=d2db87b6-dbf7-ee11-a1fd-000d3a67e351&extraAction=&redirect=
iOS_12910762301712823369581@grr.la,NRUgKf,1afa55b9-dbf7-ee11-a1fd-000d3a64d5ed,https://site-stage.artbasel.com/access?action=activate&code=NRUgKf&userId=1afa55b9-dbf7-ee11-a1fd-000d3a64d5ed&extraAction=&redirect=
iOS_50720468271712823379444@grr.la,zJuHMG,d958fcbf-dbf7-ee11-a1fd-000d3a64d5ed,https://site-stage.artbasel.com/access?action=activate&code=zJuHMG&userId=d958fcbf-dbf7-ee11-a1fd-000d3a64d5ed&extraAction=&redirect=
iOS_24614265081712823385024@grr.la,6YcYgf,b73ff5c0-dbf7-ee11-a1fd-000d3ab66fe3,https://site-stage.artbasel.com/access?action=activate&code=6YcYgf&userId=b73ff5c0-dbf7-ee11-a1fd-000d3ab66fe3&extraAction=&redirect=
iOS_28263231181712823385254@grr.la,hUNRuD,bb3ff5c0-dbf7-ee11-a1fd-000d3ab66fe3,https://site-stage.artbasel.com/access?action=activate&code=hUNRuD&userId=bb3ff5c0-dbf7-ee11-a1fd-000d3ab66fe3&extraAction=&redirect=
iOS_49189452271712823388422@grr.la,rJcj7B,8bdd15c1-dbf7-ee11-a1fd-0022489d3ac0,https://site-stage.artbasel.com/access?action=activate&code=rJcj7B&userId=8bdd15c1-dbf7-ee11-a1fd-0022489d3ac0&extraAction=&redirect=
iOS_62044071601712823388610@grr.la,pKFT9h,98a32bc6-dbf7-ee11-a1fd-000d3a64d5ed,https://site-stage.artbasel.com/access?action=activate&code=pKFT9h&userId=98a32bc6-dbf7-ee11-a1fd-000d3a64d5ed&extraAction=&redirect=
iOS_48756158191712823390947@grr.la,jdvu6Q,0e8a7fc2-dbf7-ee11-a1fd-000d3a67e351,https://site-stage.artbasel.com/access?action=activate&code=jdvu6Q&userId=0e8a7fc2-dbf7-ee11-a1fd-000d3a67e351&extraAction=&redirect=
iOS_8126450031712823391325@grr.la,WqnwJk,b5616fc2-dbf7-ee11-a1fd-000d3a673423,https://site-stage.artbasel.com/access?action=activate&code=WqnwJk&userId=b5616fc2-dbf7-ee11-a1fd-000d3a673423&extraAction=&redirect=
iOS_52553490791712823400807@grr.la,LvcjZA,282e2bcc-dbf7-ee11-a1fd-000d3a64d5ed,https://site-stage.artbasel.com/access?action=activate&code=LvcjZA&userId=282e2bcc-dbf7-ee11-a1fd-000d3a64d5ed&extraAction=&redirect=
iOS_98121576721712823406702@grr.la,Zpy4hb,f538dcd0-dbf7-ee11-a1fd-000d3a6737e2,https://site-stage.artbasel.com/access?action=activate&code=Zpy4hb&userId=f538dcd0-dbf7-ee11-a1fd-000d3a6737e2&extraAction=&redirect=
iOS_59039356351712823407265@grr.la,gmaKBZ,4e578fcb-dbf7-ee11-a1fd-000d3ab64c29,https://site-stage.artbasel.com/access?action=activate&code=gmaKBZ&userId=4e578fcb-dbf7-ee11-a1fd-000d3ab64c29&extraAction=&redirect=
iOS_94875283871712823409972@grr.la,R323Mg,0d4464cf-dbf7-ee11-a1fd-000d3a6730b0,https://site-stage.artbasel.com/access?action=activate&code=R323Mg&userId=0d4464cf-dbf7-ee11-a1fd-000d3a6730b0&extraAction=&redirect=
iOS_50182347571712823409964@grr.la,Z5GpcQ,292cb0d1-dbf7-ee11-a1fd-000d3ab64c29,https://site-stage.artbasel.com/access?action=activate&code=Z5GpcQ&userId=292cb0d1-dbf7-ee11-a1fd-000d3ab64c29&extraAction=&redirect=
iOS_27797913061712823412292@grr.la,aNrtLx,d30875cf-dbf7-ee11-a1fd-000d3abaaabc,https://site-stage.artbasel.com/access?action=activate&code=aNrtLx&userId=d30875cf-dbf7-ee11-a1fd-000d3abaaabc&extraAction=&redirect=
iOS_77476771331712823422347@grr.la,uucFmn,ebcd39da-dbf7-ee11-a1fd-000d3ab66fe3,https://site-stage.artbasel.com/access?action=activate&code=uucFmn&userId=ebcd39da-dbf7-ee11-a1fd-000d3ab66fe3&extraAction=&redirect=
iOS_68471168621712823427972@grr.la,wbGzkJ,1b804bd8-dbf7-ee11-a1fd-000d3a64d5ed,https://site-stage.artbasel.com/access?action=activate&code=wbGzkJ&userId=1b804bd8-dbf7-ee11-a1fd-000d3a64d5ed&extraAction=&redirect=
iOS_37184794861712823429226@grr.la,DPpiXu,2cce39da-dbf7-ee11-a1fd-000d3ab66fe3,https://site-stage.artbasel.com/access?action=activate&code=DPpiXu&userId=2cce39da-dbf7-ee11-a1fd-000d3ab66fe3&extraAction=&redirect=
iOS_55954109221712823431382@grr.la,YP8LCB,89d7abdf-dbf7-ee11-a1fd-000d3a64d5ed,https://site-stage.artbasel.com/access?action=activate&code=YP8LCB&userId=89d7abdf-dbf7-ee11-a1fd-000d3a64d5ed&extraAction=&redirect=
iOS_77521964031712823431564@grr.la,6emRiy,3ace39da-dbf7-ee11-a1fd-000d3ab66fe3,https://site-stage.artbasel.com/access?action=activate&code=6emRiy&userId=3ace39da-dbf7-ee11-a1fd-000d3ab66fe3&extraAction=&redirect=
iOS_31239165071712823431626@grr.la,srUc3H,d6918fdd-dbf7-ee11-a1fd-000d3ab6629b,https://site-stage.artbasel.com/access?action=activate&code=srUc3H&userId=d6918fdd-dbf7-ee11-a1fd-000d3ab6629b&extraAction=&redirect=
iOS_14939617991712823444062@grr.la,7axi84,44a615e2-dbf7-ee11-a1fd-000d3a6730b0,https://site-stage.artbasel.com/access?action=activate&code=7axi84&userId=44a615e2-dbf7-ee11-a1fd-000d3a6730b0&extraAction=&redirect=
iOS_10638857321712823451315@grr.la,r53Rcn,3fb508e7-dbf7-ee11-a1fd-000d3a67e351,https://site-stage.artbasel.com/access?action=activate&code=r53Rcn&userId=3fb508e7-dbf7-ee11-a1fd-000d3a67e351&extraAction=&redirect=
iOS_68971326821712823453019@grr.la,A3P325,f46442e8-dbf7-ee11-a1fd-000d3a6730b0,https://site-stage.artbasel.com/access?action=activate&code=A3P325&userId=f46442e8-dbf7-ee11-a1fd-000d3a6730b0&extraAction=&redirect=
iOS_87290039591712823453577@grr.la,sxAQex,37476ce9-dbf7-ee11-a1fd-000d3a673423,https://site-stage.artbasel.com/access?action=activate&code=sxAQex&userId=37476ce9-dbf7-ee11-a1fd-000d3a673423&extraAction=&redirect=
iOS_26017694151712823453545@grr.la,N49B9K,862b12ea-dbf7-ee11-a1fd-000d3a6735eb,https://site-stage.artbasel.com/access?action=activate&code=N49B9K&userId=862b12ea-dbf7-ee11-a1fd-000d3a6735eb&extraAction=&redirect=
iOS_9210194231712823453580@grr.la,kTtZLd,36476ce9-dbf7-ee11-a1fd-000d3a673423,https://site-stage.artbasel.com/access?action=activate&code=kTtZLd&userId=36476ce9-dbf7-ee11-a1fd-000d3a673423&extraAction=&redirect=
iOS_53874301881712823466316@grr.la,sqkhhY,113f7ff0-dbf7-ee11-a1fd-000d3ab64c29,https://site-stage.artbasel.com/access?action=activate&code=sqkhhY&userId=113f7ff0-dbf7-ee11-a1fd-000d3ab64c29&extraAction=&redirect=
iOS_63865507741712823468665@grr.la,3cvrti,f2c788f2-dbf7-ee11-a1fd-000d3ab66fe3,https://site-stage.artbasel.com/access?action=activate&code=3cvrti&userId=f2c788f2-dbf7-ee11-a1fd-000d3ab66fe3&extraAction=&redirect=
iOS_7218693261712823472570@grr.la,pUtL6Y,04bc56f4-dbf7-ee11-a1fd-000d3a6730b0,https://site-stage.artbasel.com/access?action=activate&code=pUtL6Y&userId=04bc56f4-dbf7-ee11-a1fd-000d3a6730b0&extraAction=&redirect=
iOS_12421082291712823474911@grr.la,isagUw,340407f8-dbf7-ee11-a1fd-000d3a64d5ed,https://site-stage.artbasel.com/access?action=activate&code=isagUw&userId=340407f8-dbf7-ee11-a1fd-000d3a64d5ed&extraAction=&redirect=
iOS_33362646911712823475692@grr.la,QAPbNk,a4b5eef8-dbf7-ee11-a1fd-0022489d3ac0,https://site-stage.artbasel.com/access?action=activate&code=QAPbNk&userId=a4b5eef8-dbf7-ee11-a1fd-0022489d3ac0&extraAction=&redirect=
iOS_62891031461712823475733@grr.la,UBkAYB,3d5cfbf9-dbf7-ee11-a1fd-000d3a6737e2,https://site-stage.artbasel.com/access?action=activate&code=UBkAYB&userId=3d5cfbf9-dbf7-ee11-a1fd-000d3a6737e2&extraAction=&redirect=
iOS_2393621731712823475716@grr.la,RHtHjc,3e5cfbf9-dbf7-ee11-a1fd-000d3a6737e2,https://site-stage.artbasel.com/access?action=activate&code=RHtHjc&userId=3e5cfbf9-dbf7-ee11-a1fd-000d3a6737e2&extraAction=&redirect=
iOS_64880353221712823489451@grr.la,cZ4pxU,51a2f3ff-dbf7-ee11-a1fd-000d3a6737e2,https://site-stage.artbasel.com/access?action=activate&code=cZ4pxU&userId=51a2f3ff-dbf7-ee11-a1fd-000d3a6737e2&extraAction=&redirect=
iOS_53536552561712823490620@grr.la,P7wjFG,5ea2f3ff-dbf7-ee11-a1fd-000d3a6737e2,https://site-stage.artbasel.com/access?action=activate&code=P7wjFG&userId=5ea2f3ff-dbf7-ee11-a1fd-000d3a6737e2&extraAction=&redirect=
iOS_40138584621712823496448@grr.la,iqC6aG,02427305-dcf7-ee11-a1fd-000d3ab66fe3,https://site-stage.artbasel.com/access?action=activate&code=iqC6aG&userId=02427305-dcf7-ee11-a1fd-000d3ab66fe3&extraAction=&redirect=
iOS_62559681941712823498198@grr.la,PA2avv,aa48fe04-dcf7-ee11-a1fd-0022489d3ac0,https://site-stage.artbasel.com/access?action=activate&code=PA2avv&userId=aa48fe04-dcf7-ee11-a1fd-0022489d3ac0&extraAction=&redirect=
iOS_31120777001712823497319@grr.la,GVqA8Q,0c59fe06-dcf7-ee11-a1fd-000d3a6730b0,https://site-stage.artbasel.com/access?action=activate&code=GVqA8Q&userId=0c59fe06-dcf7-ee11-a1fd-000d3a6730b0&extraAction=&redirect=
iOS_82312655271712823498850@grr.la,xLLqpq,0b427305-dcf7-ee11-a1fd-000d3ab66fe3,https://site-stage.artbasel.com/access?action=activate&code=xLLqpq&userId=0b427305-dcf7-ee11-a1fd-000d3ab66fe3&extraAction=&redirect=
iOS_81264105951712823511507@grr.la,RtQzYu,4979360f-dcf7-ee11-a1fd-000d3ab64c29,https://site-stage.artbasel.com/access?action=activate&code=RtQzYu&userId=4979360f-dcf7-ee11-a1fd-000d3ab64c29&extraAction=&redirect=
iOS_44930978871712823512533@grr.la,dLXvwG,9a9ce20b-dcf7-ee11-a1fd-0022489d3ac0,https://site-stage.artbasel.com/access?action=activate&code=dLXvwG&userId=9a9ce20b-dcf7-ee11-a1fd-0022489d3ac0&extraAction=&redirect=
iOS_34025976961712823513764@grr.la,tMVyxQ,220dc80e-dcf7-ee11-a1fd-000d3a673423,https://site-stage.artbasel.com/access?action=activate&code=tMVyxQ&userId=220dc80e-dcf7-ee11-a1fd-000d3a673423&extraAction=&redirect=
iOS_1682678301712823518835@grr.la,e5Z77b,d80c5a11-dcf7-ee11-a1fd-000d3a64d5ed,https://site-stage.artbasel.com/access?action=activate&code=e5Z77b&userId=d80c5a11-dcf7-ee11-a1fd-000d3a64d5ed&extraAction=&redirect=
iOS_44799174351712823519880@grr.la,7dwNWX,490dc80e-dcf7-ee11-a1fd-000d3a673423,https://site-stage.artbasel.com/access?action=activate&code=7dwNWX&userId=490dc80e-dcf7-ee11-a1fd-000d3a673423&extraAction=&redirect=
iOS_20683308391712823519874@grr.la,zavRpk,b479360f-dcf7-ee11-a1fd-000d3ab64c29,https://site-stage.artbasel.com/access?action=activate&code=zavRpk&userId=b479360f-dcf7-ee11-a1fd-000d3ab64c29&extraAction=&redirect=
iOS_90213668541712823520190@grr.la,DgYcr4,e0952912-dcf7-ee11-a1fd-0022489d3ac0,https://site-stage.artbasel.com/access?action=activate&code=DgYcr4&userId=e0952912-dcf7-ee11-a1fd-0022489d3ac0&extraAction=&redirect=
iOS_26729206691712823533050@grr.la,QQDniH,90fe9e17-dcf7-ee11-a1fd-000d3ab66fe3,https://site-stage.artbasel.com/access?action=activate&code=QQDniH&userId=90fe9e17-dcf7-ee11-a1fd-000d3ab66fe3&extraAction=&redirect=
iOS_71797889401712823534783@grr.la,GcMW8a,ea845917-dcf7-ee11-a1fd-000d3a64d5ed,https://site-stage.artbasel.com/access?action=activate&code=GcMW8a&userId=ea845917-dcf7-ee11-a1fd-000d3a64d5ed&extraAction=&redirect=
iOS_34048408391712823535361@grr.la,uYxUXx,e3ae431b-dcf7-ee11-a1fd-000d3ab64c29,https://site-stage.artbasel.com/access?action=activate&code=uYxUXx&userId=e3ae431b-dcf7-ee11-a1fd-000d3ab64c29&extraAction=&redirect=
