iOS_87808778731695648959904@maildrop.cc,mLXxrY,fd642970-a85b-ee11-be6e-000d3ad9868c,https://site-stage.artbasel.com/access?action=activate&code=mLXxrY&userId=fd642970-a85b-ee11-be6e-000d3ad9868c&extraAction=&redirect=
iOS_92128672451695648978374@maildrop.cc,kUEAP5,29a39876-a85b-ee11-be6e-000d3a6554c1,https://site-stage.artbasel.com/access?action=activate&code=kUEAP5&userId=29a39876-a85b-ee11-be6e-000d3a6554c1&extraAction=&redirect=
iOS_90021273791695648992053@maildrop.cc,HiF86D,eb971883-a85b-ee11-be6e-000d3ad9868c,https://site-stage.artbasel.com/access?action=activate&code=HiF86D&userId=eb971883-a85b-ee11-be6e-000d3ad9868c&extraAction=&redirect=
iOS_72393868651695649006940@maildrop.cc,JqsKz5,627f8a89-a85b-ee11-be6e-000d3ad9868c,https://site-stage.artbasel.com/access?action=activate&code=JqsKz5&userId=627f8a89-a85b-ee11-be6e-000d3ad9868c&extraAction=&redirect=
iOS_47858067231695649020473@maildrop.cc,zXLMUu,c8c28e8f-a85b-ee11-be6d-000d3ad9838f,https://site-stage.artbasel.com/access?action=activate&code=zXLMUu&userId=c8c28e8f-a85b-ee11-be6d-000d3ad9838f&extraAction=&redirect=
iOS_41653980361695649035266@maildrop.cc,8ueA7a,aef01a9e-a85b-ee11-be6e-000d3ad9868c,https://site-stage.artbasel.com/access?action=activate&code=8ueA7a&userId=aef01a9e-a85b-ee11-be6e-000d3ad9868c&extraAction=&redirect=
iOS_56759324721695649051931@maildrop.cc,FiitpK,55a215a4-a85b-ee11-be6e-000d3ad9868c,https://site-stage.artbasel.com/access?action=activate&code=FiitpK&userId=55a215a4-a85b-ee11-be6e-000d3ad9868c&extraAction=&redirect=
iOS_97061656771695649065237@maildrop.cc,VAszd5,c326a4aa-a85b-ee11-be6e-000d3ad9868c,https://site-stage.artbasel.com/access?action=activate&code=VAszd5&userId=c326a4aa-a85b-ee11-be6e-000d3ad9868c&extraAction=&redirect=
iOS_41023387441695649080444@maildrop.cc,XMmmhW,d2788fb7-a85b-ee11-be6e-000d3a6554c1,https://site-stage.artbasel.com/access?action=activate&code=XMmmhW&userId=d2788fb7-a85b-ee11-be6e-000d3a6554c1&extraAction=&redirect=
iOS_79154389161695649092862@maildrop.cc,kkgMz4,ee4580bd-a85b-ee11-be6e-000d3ad9868c,https://site-stage.artbasel.com/access?action=activate&code=kkgMz4&userId=ee4580bd-a85b-ee11-be6e-000d3ad9868c&extraAction=&redirect=
iOS_97759840061695649106501@maildrop.cc,WnvRYq,a3de02c4-a85b-ee11-be6e-000d3ad9868c,https://site-stage.artbasel.com/access?action=activate&code=WnvRYq&userId=a3de02c4-a85b-ee11-be6e-000d3ad9868c&extraAction=&redirect=
iOS_56279712271695649120689@maildrop.cc,N5qtnq,b5d025d0-a85b-ee11-be6e-000d3a6554c1,https://site-stage.artbasel.com/access?action=activate&code=N5qtnq&userId=b5d025d0-a85b-ee11-be6e-000d3a6554c1&extraAction=&redirect=
iOS_55325068321695649133303@maildrop.cc,WEn7Ej,9d6c71d7-a85b-ee11-be6d-000d3ad9838f,https://site-stage.artbasel.com/access?action=activate&code=WEn7Ej&userId=9d6c71d7-a85b-ee11-be6d-000d3ad9838f&extraAction=&redirect=
iOS_73097914511695649146745@maildrop.cc,vanreV,53e93dde-a85b-ee11-be6d-000d3ad9838f,https://site-stage.artbasel.com/access?action=activate&code=vanreV&userId=53e93dde-a85b-ee11-be6d-000d3ad9838f&extraAction=&redirect=
iOS_18182350411695649163908@maildrop.cc,Z3kHbG,221d54ea-a85b-ee11-be6e-000d3a6554c1,https://site-stage.artbasel.com/access?action=activate&code=Z3kHbG&userId=221d54ea-a85b-ee11-be6e-000d3a6554c1&extraAction=&redirect=
iOS_64126823301695649179587@maildrop.cc,rtvRRR,74795ff0-a85b-ee11-be6e-000d3a6554c1,https://site-stage.artbasel.com/access?action=activate&code=rtvRRR&userId=74795ff0-a85b-ee11-be6e-000d3a6554c1&extraAction=&redirect=
iOS_7436175981695649197777@maildrop.cc,kXGK6K,0b41c7fc-a85b-ee11-be6e-000d3a6554c1,https://site-stage.artbasel.com/access?action=activate&code=kXGK6K&userId=0b41c7fc-a85b-ee11-be6e-000d3a6554c1&extraAction=&redirect=
iOS_10860840071695649212193@maildrop.cc,F6bMJB,5d40cb08-a95b-ee11-be6e-000d3ad9868c,https://site-stage.artbasel.com/access?action=activate&code=F6bMJB&userId=5d40cb08-a95b-ee11-be6e-000d3ad9868c&extraAction=&redirect=
iOS_95137130501695649225528@maildrop.cc,p9PeRg,376ff40f-a95b-ee11-be6e-000d3a6554c1,https://site-stage.artbasel.com/access?action=activate&code=p9PeRg&userId=376ff40f-a95b-ee11-be6e-000d3a6554c1&extraAction=&redirect=
iOS_75196059241695649240885@maildrop.cc,5NCYaH,922d0216-a95b-ee11-be6e-000d3a6554c1,https://site-stage.artbasel.com/access?action=activate&code=5NCYaH&userId=922d0216-a95b-ee11-be6e-000d3a6554c1&extraAction=&redirect=
iOS_81968782401695649255377@maildrop.cc,HUh3az,2235681d-a95b-ee11-be6d-000d3ad9838f,https://site-stage.artbasel.com/access?action=activate&code=HUh3az&userId=2235681d-a95b-ee11-be6d-000d3ad9838f&extraAction=&redirect=
iOS_16799014621695649270821@maildrop.cc,XVqT2z,08db7e28-a95b-ee11-be6e-000d3a6554c1,https://site-stage.artbasel.com/access?action=activate&code=XVqT2z&userId=08db7e28-a95b-ee11-be6e-000d3a6554c1&extraAction=&redirect=
iOS_61968161731695649283523@maildrop.cc,vM7cxZ,21931a2e-a95b-ee11-be6e-000d3ad9868c,https://site-stage.artbasel.com/access?action=activate&code=vM7cxZ&userId=21931a2e-a95b-ee11-be6e-000d3ad9868c&extraAction=&redirect=
iOS_86263895221695649298255@maildrop.cc,r8JeJg,173f7b3a-a95b-ee11-be6e-000d3ad9868c,https://site-stage.artbasel.com/access?action=activate&code=r8JeJg&userId=173f7b3a-a95b-ee11-be6e-000d3ad9868c&extraAction=&redirect=
iOS_71626437551695649312122@maildrop.cc,EtmAS7,2d62e840-a95b-ee11-be6e-000d3ad9868c,https://site-stage.artbasel.com/access?action=activate&code=EtmAS7&userId=2d62e840-a95b-ee11-be6e-000d3ad9868c&extraAction=&redirect=
iOS_38668492471695649323932@maildrop.cc,fQ37fT,a97d644b-a95b-ee11-be6d-000d3ad9838f,https://site-stage.artbasel.com/access?action=activate&code=fQ37fT&userId=a97d644b-a95b-ee11-be6d-000d3ad9838f&extraAction=&redirect=
iOS_93271537871695649338509@maildrop.cc,bSbSWc,ffe7ab51-a95b-ee11-be6d-000d3ad9838f,https://site-stage.artbasel.com/access?action=activate&code=bSbSWc&userId=ffe7ab51-a95b-ee11-be6d-000d3ad9838f&extraAction=&redirect=
iOS_17128845261695649354198@maildrop.cc,8AdKCe,76a06159-a95b-ee11-be6e-000d3a6554c1,https://site-stage.artbasel.com/access?action=activate&code=8AdKCe&userId=76a06159-a95b-ee11-be6e-000d3a6554c1&extraAction=&redirect=
iOS_21163392411695649367480@maildrop.cc,e3q4EU,5e8a6a65-a95b-ee11-be6d-000d3ad9838f,https://site-stage.artbasel.com/access?action=activate&code=e3q4EU&userId=5e8a6a65-a95b-ee11-be6d-000d3ad9838f&extraAction=&redirect=
iOS_196599341695649381722@maildrop.cc,pcXTYS,41a1396c-a95b-ee11-be6e-000d3ad9868c,https://site-stage.artbasel.com/access?action=activate&code=pcXTYS&userId=41a1396c-a95b-ee11-be6e-000d3ad9868c&extraAction=&redirect=
iOS_56536586241695649396237@maildrop.cc,R3jffN,945e9d71-a95b-ee11-be6e-000d3a6554c1,https://site-stage.artbasel.com/access?action=activate&code=R3jffN&userId=945e9d71-a95b-ee11-be6e-000d3a6554c1&extraAction=&redirect=
iOS_90961821241695649413501@maildrop.cc,dyXQwi,11e5357b-a95b-ee11-be6e-000d3ad9868c,https://site-stage.artbasel.com/access?action=activate&code=dyXQwi&userId=11e5357b-a95b-ee11-be6e-000d3ad9868c&extraAction=&redirect=
iOS_2968841111695649428811@maildrop.cc,sr35PR,10d51788-a95b-ee11-be6d-000d3ad9838f,https://site-stage.artbasel.com/access?action=activate&code=sr35PR&userId=10d51788-a95b-ee11-be6d-000d3ad9838f&extraAction=&redirect=
iOS_97684910871695649442424@maildrop.cc,6bsFzi,a92fc38e-a95b-ee11-be6d-000d3ad9838f,https://site-stage.artbasel.com/access?action=activate&code=6bsFzi&userId=a92fc38e-a95b-ee11-be6d-000d3ad9838f&extraAction=&redirect=
iOS_61676198061695649458188@maildrop.cc,UQGrSn,56ca8d99-a95b-ee11-be6e-000d3ad9868c,https://site-stage.artbasel.com/access?action=activate&code=UQGrSn&userId=56ca8d99-a95b-ee11-be6e-000d3ad9868c&extraAction=&redirect=
iOS_90902288341695649472724@maildrop.cc,R6pcMw,dcd1449f-a95b-ee11-be6e-000d3a6554c1,https://site-stage.artbasel.com/access?action=activate&code=R6pcMw&userId=dcd1449f-a95b-ee11-be6e-000d3a6554c1&extraAction=&redirect=
iOS_50201428431695649489958@maildrop.cc,QFGB9p,75b670ae-a95b-ee11-be6e-000d3a6554c1,https://site-stage.artbasel.com/access?action=activate&code=QFGB9p&userId=75b670ae-a95b-ee11-be6e-000d3a6554c1&extraAction=&redirect=
iOS_88267929301695649505741@maildrop.cc,XVpxYV,6dcb31b3-a95b-ee11-be6e-000d3ad9868c,https://site-stage.artbasel.com/access?action=activate&code=XVpxYV&userId=6dcb31b3-a95b-ee11-be6e-000d3ad9868c&extraAction=&redirect=
iOS_18148626051695649523154@maildrop.cc,e4Bpes,2f9fe8c0-a95b-ee11-be6e-000d3a6554c1,https://site-stage.artbasel.com/access?action=activate&code=e4Bpes&userId=2f9fe8c0-a95b-ee11-be6e-000d3a6554c1&extraAction=&redirect=
iOS_66058156691695649537895@maildrop.cc,i3r85J,2e334cc7-a95b-ee11-be6e-000d3a6554c1,https://site-stage.artbasel.com/access?action=activate&code=i3r85J&userId=2e334cc7-a95b-ee11-be6e-000d3a6554c1&extraAction=&redirect=
iOS_92605292851695649554646@maildrop.cc,RaVbY2,deb248d3-a95b-ee11-be6e-000d3a6554c1,https://site-stage.artbasel.com/access?action=activate&code=RaVbY2&userId=deb248d3-a95b-ee11-be6e-000d3a6554c1&extraAction=&redirect=
iOS_22940444651695649570447@maildrop.cc,wuzydL,ea6e6ada-a95b-ee11-be6d-000d3ad9838f,https://site-stage.artbasel.com/access?action=activate&code=wuzydL&userId=ea6e6ada-a95b-ee11-be6d-000d3ad9838f&extraAction=&redirect=
iOS_64352232641695649584575@maildrop.cc,RapUt7,c5bdf4e0-a95b-ee11-be6e-000d3a6554c1,https://site-stage.artbasel.com/access?action=activate&code=RapUt7&userId=c5bdf4e0-a95b-ee11-be6e-000d3a6554c1&extraAction=&redirect=
iOS_26418110361695649597790@maildrop.cc,LALJuN,0d6d12ec-a95b-ee11-be6e-000d3ad9868c,https://site-stage.artbasel.com/access?action=activate&code=LALJuN&userId=0d6d12ec-a95b-ee11-be6e-000d3ad9868c&extraAction=&redirect=
iOS_31811837171695649613679@maildrop.cc,DwhdSy,0c9ca2f4-a95b-ee11-be6e-000d3a6554c1,https://site-stage.artbasel.com/access?action=activate&code=DwhdSy&userId=0c9ca2f4-a95b-ee11-be6e-000d3a6554c1&extraAction=&redirect=
iOS_81417011881695649627705@maildrop.cc,F8DSKb,55e99afa-a95b-ee11-be6e-000d3a6554c1,https://site-stage.artbasel.com/access?action=activate&code=F8DSKb&userId=55e99afa-a95b-ee11-be6e-000d3a6554c1&extraAction=&redirect=
iOS_42854729321695649675883@maildrop.cc,ES9Zz3,9bca6d1a-aa5b-ee11-be6e-000d3a6554c1,https://site-stage.artbasel.com/access?action=activate&code=ES9Zz3&userId=9bca6d1a-aa5b-ee11-be6e-000d3a6554c1&extraAction=&redirect=
iOS_22936981521695649694774@maildrop.cc,KzSFzn,4c2f1a24-aa5b-ee11-be6d-000d3ad9838f,https://site-stage.artbasel.com/access?action=activate&code=KzSFzn&userId=4c2f1a24-aa5b-ee11-be6d-000d3ad9838f&extraAction=&redirect=
iOS_44110567031695649709026@maildrop.cc,hLV4gt,f51eba2c-aa5b-ee11-be6d-000d3ad9838f,https://site-stage.artbasel.com/access?action=activate&code=hLV4gt&userId=f51eba2c-aa5b-ee11-be6d-000d3ad9838f&extraAction=&redirect=
iOS_26781726581695649724989@maildrop.cc,veAmAs,a0324c35-aa5b-ee11-be6e-000d3ad9868c,https://site-stage.artbasel.com/access?action=activate&code=veAmAs&userId=a0324c35-aa5b-ee11-be6e-000d3ad9868c&extraAction=&redirect=
iOS_63931001021695649739258@maildrop.cc,PmJavi,f33ba742-aa5b-ee11-be6e-000d3ad9868c,https://site-stage.artbasel.com/access?action=activate&code=PmJavi&userId=f33ba742-aa5b-ee11-be6e-000d3ad9868c&extraAction=&redirect=
iOS_93822656871695649751821@maildrop.cc,dUCQC3,0b714347-aa5b-ee11-be6e-000d3a6554c1,https://site-stage.artbasel.com/access?action=activate&code=dUCQC3&userId=0b714347-aa5b-ee11-be6e-000d3a6554c1&extraAction=&redirect=
iOS_1700362081695649765748@maildrop.cc,KF23GC,d981ca4d-aa5b-ee11-be6d-000d3ad9838f,https://site-stage.artbasel.com/access?action=activate&code=KF23GC&userId=d981ca4d-aa5b-ee11-be6d-000d3ad9838f&extraAction=&redirect=
iOS_5776852521695649779616@maildrop.cc,qJ4mhY,38642f5b-aa5b-ee11-be6e-000d3ad9868c,https://site-stage.artbasel.com/access?action=activate&code=qJ4mhY&userId=38642f5b-aa5b-ee11-be6e-000d3ad9868c&extraAction=&redirect=
iOS_43089941271695649792448@maildrop.cc,KESEZX,12c4b661-aa5b-ee11-be6e-000d3ad9868c,https://site-stage.artbasel.com/access?action=activate&code=KESEZX&userId=12c4b661-aa5b-ee11-be6e-000d3ad9868c&extraAction=&redirect=
iOS_55557229001695649814762@maildrop.cc,fmVwrm,969f2170-aa5b-ee11-be6e-000d3a6554c1,https://site-stage.artbasel.com/access?action=activate&code=fmVwrm&userId=969f2170-aa5b-ee11-be6e-000d3a6554c1&extraAction=&redirect=
iOS_4131741971695649830063@maildrop.cc,UiJkbx,57fc6777-aa5b-ee11-be6d-000d3ad9838f,https://site-stage.artbasel.com/access?action=activate&code=UiJkbx&userId=57fc6777-aa5b-ee11-be6d-000d3ad9838f&extraAction=&redirect=
iOS_12494628941695649845639@maildrop.cc,b3u5CH,bfeb9b82-aa5b-ee11-be6e-000d3a6554c1,https://site-stage.artbasel.com/access?action=activate&code=b3u5CH&userId=bfeb9b82-aa5b-ee11-be6e-000d3a6554c1&extraAction=&redirect=
iOS_28692558941695649857477@maildrop.cc,9MUNSF,ff349488-aa5b-ee11-be6e-000d3a6554c1,https://site-stage.artbasel.com/access?action=activate&code=9MUNSF&userId=ff349488-aa5b-ee11-be6e-000d3a6554c1&extraAction=&redirect=
iOS_75484356531695649873304@maildrop.cc,tTBMGN,d9ff4f8f-aa5b-ee11-be6e-000d3a6554c1,https://site-stage.artbasel.com/access?action=activate&code=tTBMGN&userId=d9ff4f8f-aa5b-ee11-be6e-000d3a6554c1&extraAction=&redirect=
iOS_14579069591695649887658@maildrop.cc,gmfL2w,62f09f9b-aa5b-ee11-be6e-000d3a6554c1,https://site-stage.artbasel.com/access?action=activate&code=gmfL2w&userId=62f09f9b-aa5b-ee11-be6e-000d3a6554c1&extraAction=&redirect=
iOS_34081374741695649903059@maildrop.cc,PPbDqA,8bef02a4-aa5b-ee11-be6d-000d3ad9838f,https://site-stage.artbasel.com/access?action=activate&code=PPbDqA&userId=8bef02a4-aa5b-ee11-be6d-000d3ad9838f&extraAction=&redirect=
iOS_54466625201695649920300@maildrop.cc,vGzmru,a1eba0aa-aa5b-ee11-be6e-000d3a6554c1,https://site-stage.artbasel.com/access?action=activate&code=vGzmru&userId=a1eba0aa-aa5b-ee11-be6e-000d3a6554c1&extraAction=&redirect=
iOS_15148081821695649936286@maildrop.cc,ssauDv,19556eb4-aa5b-ee11-be6d-000d3ad9838f,https://site-stage.artbasel.com/access?action=activate&code=ssauDv&userId=19556eb4-aa5b-ee11-be6d-000d3ad9838f&extraAction=&redirect=
iOS_15709564161695649952268@maildrop.cc,H7p347,e07b22c1-aa5b-ee11-be6d-000d3ad9838f,https://site-stage.artbasel.com/access?action=activate&code=H7p347&userId=e07b22c1-aa5b-ee11-be6d-000d3ad9838f&extraAction=&redirect=
iOS_61682273691695649966154@maildrop.cc,hgBjJf,58a27eca-aa5b-ee11-be6d-000d3ad9838f,https://site-stage.artbasel.com/access?action=activate&code=hgBjJf&userId=58a27eca-aa5b-ee11-be6d-000d3ad9838f&extraAction=&redirect=
iOS_39561172391695649980467@maildrop.cc,KzUUnC,add562cd-aa5b-ee11-be6e-000d3a6554c1,https://site-stage.artbasel.com/access?action=activate&code=KzUUnC&userId=add562cd-aa5b-ee11-be6e-000d3a6554c1&extraAction=&redirect=
iOS_95227725311695649994779@maildrop.cc,DPrW6m,763d8ddb-aa5b-ee11-be6e-000d3a6554c1,https://site-stage.artbasel.com/access?action=activate&code=DPrW6m&userId=763d8ddb-aa5b-ee11-be6e-000d3a6554c1&extraAction=&redirect=
iOS_96297231251695650011705@maildrop.cc,LCeyfV,ad5fb7e3-aa5b-ee11-be6d-000d3ad9838f,https://site-stage.artbasel.com/access?action=activate&code=LCeyfV&userId=ad5fb7e3-aa5b-ee11-be6d-000d3ad9838f&extraAction=&redirect=
iOS_13238606981695650026864@maildrop.cc,aXHyZm,9bcc04ea-aa5b-ee11-be6e-000d3ad9868c,https://site-stage.artbasel.com/access?action=activate&code=aXHyZm&userId=9bcc04ea-aa5b-ee11-be6e-000d3ad9868c&extraAction=&redirect=
iOS_36249780821695650041678@maildrop.cc,PbDseq,bf91a0f6-aa5b-ee11-be6d-000d3ad9838f,https://site-stage.artbasel.com/access?action=activate&code=PbDseq&userId=bf91a0f6-aa5b-ee11-be6d-000d3ad9838f&extraAction=&redirect=
iOS_56771437401695650058432@maildrop.cc,NPyTcf,18f7cfff-aa5b-ee11-be6e-000d3ad9868c,https://site-stage.artbasel.com/access?action=activate&code=NPyTcf&userId=18f7cfff-aa5b-ee11-be6e-000d3ad9868c&extraAction=&redirect=
iOS_93382556531695650074534@maildrop.cc,sT3Phb,b76bee05-ab5b-ee11-be6e-000d3ad9868c,https://site-stage.artbasel.com/access?action=activate&code=sT3Phb&userId=b76bee05-ab5b-ee11-be6e-000d3ad9868c&extraAction=&redirect=
iOS_83916992781695650087110@maildrop.cc,gQ8yFt,ccdf0710-ab5b-ee11-be6e-000d3ad985cf,https://site-stage.artbasel.com/access?action=activate&code=gQ8yFt&userId=ccdf0710-ab5b-ee11-be6e-000d3ad985cf&extraAction=&redirect=
iOS_52903365981695650103569@maildrop.cc,fyx6qH,464d6d1c-ab5b-ee11-be6e-000d3ad985cf,https://site-stage.artbasel.com/access?action=activate&code=fyx6qH&userId=464d6d1c-ab5b-ee11-be6e-000d3ad985cf&extraAction=&redirect=
iOS_49716953051695650116645@maildrop.cc,i4WmrX,0c152224-ab5b-ee11-be6d-000d3ad9838f,https://site-stage.artbasel.com/access?action=activate&code=i4WmrX&userId=0c152224-ab5b-ee11-be6d-000d3ad9838f&extraAction=&redirect=
iOS_36862481441695650132469@maildrop.cc,6zrP7y,0b50ac2a-ab5b-ee11-be6e-000d3ad9868c,https://site-stage.artbasel.com/access?action=activate&code=6zrP7y&userId=0b50ac2a-ab5b-ee11-be6e-000d3ad9868c&extraAction=&redirect=
iOS_9538297781695650149223@maildrop.cc,7fypj2,f4061b37-ab5b-ee11-be6d-000d3ad9838f,https://site-stage.artbasel.com/access?action=activate&code=7fypj2&userId=f4061b37-ab5b-ee11-be6d-000d3ad9838f&extraAction=&redirect=
iOS_48065564421695650164938@maildrop.cc,EcR2Y5,7222a23c-ab5b-ee11-be6e-000d3ad985cf,https://site-stage.artbasel.com/access?action=activate&code=EcR2Y5&userId=7222a23c-ab5b-ee11-be6e-000d3ad985cf&extraAction=&redirect=
iOS_19073810591695650178808@maildrop.cc,SB9K2C,2ee59543-ab5b-ee11-be6d-000d3ad9838f,https://site-stage.artbasel.com/access?action=activate&code=SB9K2C&userId=2ee59543-ab5b-ee11-be6d-000d3ad9838f&extraAction=&redirect=
iOS_73236117581695650190650@maildrop.cc,e59msr,5694a44b-ab5b-ee11-be6e-000d3ad9868c,https://site-stage.artbasel.com/access?action=activate&code=e59msr&userId=5694a44b-ab5b-ee11-be6e-000d3ad9868c&extraAction=&redirect=
iOS_46377164191695650206760@maildrop.cc,aEFugM,f4772857-ab5b-ee11-be6e-000d3ad985cf,https://site-stage.artbasel.com/access?action=activate&code=aEFugM&userId=f4772857-ab5b-ee11-be6e-000d3ad985cf&extraAction=&redirect=
iOS_585077081695650220797@maildrop.cc,44axzY,5c58a85f-ab5b-ee11-be6e-000d3ad9868c,https://site-stage.artbasel.com/access?action=activate&code=44axzY&userId=5c58a85f-ab5b-ee11-be6e-000d3ad9868c&extraAction=&redirect=
iOS_94339740631695650235187@maildrop.cc,VmCrGk,c8181366-ab5b-ee11-be6e-000d3ad9868c,https://site-stage.artbasel.com/access?action=activate&code=VmCrGk&userId=c8181366-ab5b-ee11-be6e-000d3ad9868c&extraAction=&redirect=
iOS_4295532531695650252429@maildrop.cc,ceWQsR,915ca16f-ab5b-ee11-be6d-000d3ad9838f,https://site-stage.artbasel.com/access?action=activate&code=ceWQsR&userId=915ca16f-ab5b-ee11-be6d-000d3ad9838f&extraAction=&redirect=
iOS_75614597211695650266288@maildrop.cc,9Y7jq3,6b6d2f7c-ab5b-ee11-be6d-000d3ad9838f,https://site-stage.artbasel.com/access?action=activate&code=9Y7jq3&userId=6b6d2f7c-ab5b-ee11-be6d-000d3ad9838f&extraAction=&redirect=
iOS_68974059641695650281290@maildrop.cc,upnBN3,17cce481-ab5b-ee11-be6e-000d3ad985cf,https://site-stage.artbasel.com/access?action=activate&code=upnBN3&userId=17cce481-ab5b-ee11-be6e-000d3ad985cf&extraAction=&redirect=
iOS_20430969011695650296014@maildrop.cc,UQeWzw,df97948e-ab5b-ee11-be6d-000d3ad9838f,https://site-stage.artbasel.com/access?action=activate&code=UQeWzw&userId=df97948e-ab5b-ee11-be6d-000d3ad9838f&extraAction=&redirect=
iOS_70409250781695650308671@maildrop.cc,gYf5wk,3e82ce94-ab5b-ee11-be6e-000d3a6554c1,https://site-stage.artbasel.com/access?action=activate&code=gYf5wk&userId=3e82ce94-ab5b-ee11-be6e-000d3a6554c1&extraAction=&redirect=
iOS_21223667071695650321709@maildrop.cc,4B4nTB,75ecff9b-ab5b-ee11-be6e-000d3ad9868c,https://site-stage.artbasel.com/access?action=activate&code=4B4nTB&userId=75ecff9b-ab5b-ee11-be6e-000d3ad9868c&extraAction=&redirect=
iOS_565308251695650336401@maildrop.cc,4F7q4s,635bd6a6-ab5b-ee11-be6e-000d3a6554c1,https://site-stage.artbasel.com/access?action=activate&code=4F7q4s&userId=635bd6a6-ab5b-ee11-be6e-000d3a6554c1&extraAction=&redirect=
iOS_75106956911695650350438@maildrop.cc,grEMXa,c63cc6a9-ab5b-ee11-be6e-000d3ad9868c,https://site-stage.artbasel.com/access?action=activate&code=grEMXa&userId=c63cc6a9-ab5b-ee11-be6e-000d3ad9868c&extraAction=&redirect=
iOS_56707379241695650363581@maildrop.cc,NQxeYR,8a7ee6b6-ab5b-ee11-be6e-000d3ad985cf,https://site-stage.artbasel.com/access?action=activate&code=NQxeYR&userId=8a7ee6b6-ab5b-ee11-be6e-000d3ad985cf&extraAction=&redirect=
iOS_74152508891695650390283@maildrop.cc,TiwkXU,d13290c4-ab5b-ee11-be6e-000d3ad985cf,https://site-stage.artbasel.com/access?action=activate&code=TiwkXU&userId=d13290c4-ab5b-ee11-be6e-000d3ad985cf&extraAction=&redirect=
iOS_61599868541695650406540@maildrop.cc,9Q3rGV,dab904d1-ab5b-ee11-be6e-000d3ad985cf,https://site-stage.artbasel.com/access?action=activate&code=9Q3rGV&userId=dab904d1-ab5b-ee11-be6e-000d3ad985cf&extraAction=&redirect=
iOS_39066800611695650420305@maildrop.cc,SUmcii,e8a599d6-ab5b-ee11-be6e-000d3ad9868c,https://site-stage.artbasel.com/access?action=activate&code=SUmcii&userId=e8a599d6-ab5b-ee11-be6e-000d3ad9868c&extraAction=&redirect=
iOS_81341901631695650434384@maildrop.cc,w37wW6,9fa455dd-ab5b-ee11-be6e-000d3ad985cf,https://site-stage.artbasel.com/access?action=activate&code=w37wW6&userId=9fa455dd-ab5b-ee11-be6e-000d3ad985cf&extraAction=&redirect=
iOS_41801431831695650447018@maildrop.cc,N83rAP,f1eb3ee9-ab5b-ee11-be6e-000d3ad9868c,https://site-stage.artbasel.com/access?action=activate&code=N83rAP&userId=f1eb3ee9-ab5b-ee11-be6e-000d3ad9868c&extraAction=&redirect=
iOS_48822472001695650463195@maildrop.cc,cjzP3t,a3b876f0-ab5b-ee11-be6e-000d3ad9868c,https://site-stage.artbasel.com/access?action=activate&code=cjzP3t&userId=a3b876f0-ab5b-ee11-be6e-000d3ad9868c&extraAction=&redirect=
iOS_35599611921695650475337@maildrop.cc,Hz2jkP,9c2b1ff8-ab5b-ee11-be6d-000d3ad9838f,https://site-stage.artbasel.com/access?action=activate&code=Hz2jkP&userId=9c2b1ff8-ab5b-ee11-be6d-000d3ad9838f&extraAction=&redirect=
iOS_40342157251695650492317@maildrop.cc,AzwRBj,a5487800-ac5b-ee11-be6e-000d3ad985cf,https://site-stage.artbasel.com/access?action=activate&code=AzwRBj&userId=a5487800-ac5b-ee11-be6e-000d3ad985cf&extraAction=&redirect=
iOS_73705020831695650509866@maildrop.cc,HntzJw,0f95130c-ac5b-ee11-be6e-000d3a6554c1,https://site-stage.artbasel.com/access?action=activate&code=HntzJw&userId=0f95130c-ac5b-ee11-be6e-000d3a6554c1&extraAction=&redirect=
iOS_57340613011695650525051@maildrop.cc,gfmrtS,7bc75512-ac5b-ee11-be6e-000d3a6554c1,https://site-stage.artbasel.com/access?action=activate&code=gfmrtS&userId=7bc75512-ac5b-ee11-be6e-000d3a6554c1&extraAction=&redirect=
iOS_96030655951695650539440@maildrop.cc,qyESX4,40ae7e1f-ac5b-ee11-be6e-000d3a6554c1,https://site-stage.artbasel.com/access?action=activate&code=qyESX4&userId=40ae7e1f-ac5b-ee11-be6e-000d3a6554c1&extraAction=&redirect=
iOS_33816965311695650551213@maildrop.cc,CeGart,df8c9323-ac5b-ee11-be6e-000d3ad9868c,https://site-stage.artbasel.com/access?action=activate&code=CeGart&userId=df8c9323-ac5b-ee11-be6e-000d3ad9868c&extraAction=&redirect=
iOS_2476808261695650564343@maildrop.cc,J5Gt6M,cbb8562b-ac5b-ee11-be6d-000d3ad9838f,https://site-stage.artbasel.com/access?action=activate&code=J5Gt6M&userId=cbb8562b-ac5b-ee11-be6d-000d3ad9838f&extraAction=&redirect=
iOS_75654105121695650578231@maildrop.cc,wq4UvL,86117e32-ac5b-ee11-be6e-000d3ad985cf,https://site-stage.artbasel.com/access?action=activate&code=wq4UvL&userId=86117e32-ac5b-ee11-be6e-000d3ad985cf&extraAction=&redirect=
