Registered_Email,Acc_Act_Link,ActivationCode,UserID
iOS_8562081361685714286271@grr.la,https://site-stage.artbasel.com/access?action=activate&code=KifgqM&userId=2ada5876-4d01-ee11-8f6e-000d3a655712&extraAction=&redirect=,KifgqM,2ada5876-4d01-ee11-8f6e-000d3a655712
iOS_80667657431685714306343@grr.la,https://site-stage.artbasel.com/access?action=activate&code=vX5srs&userId=4a503485-4d01-ee11-8f6e-000d3a6554c1&extraAction=&redirect=,vX5srs,4a503485-4d01-ee11-8f6e-000d3a6554c1
iOS_65775265401685714336390@grr.la,https://site-stage.artbasel.com/access?action=activate&code=k4cPGF&userId=f861ea92-4d01-ee11-8f6e-000d3a6554c1&extraAction=&redirect=,k4cPGF,f861ea92-4d01-ee11-8f6e-000d3a6554c1
iOS_377916381685714359421@grr.la,https://site-stage.artbasel.com/access?action=activate&code=u6M4tk&userId=8a1723a4-4d01-ee11-8f6e-000d3ad9868c&extraAction=&redirect=,u6M4tk,8a1723a4-4d01-ee11-8f6e-000d3ad9868c
iOS_33881254041685714373846@grr.la,https://site-stage.artbasel.com/access?action=activate&code=dLYeXA&userId=5dc032ae-4d01-ee11-8f6e-000d3a655712&extraAction=&redirect=,dLYeXA,5dc032ae-4d01-ee11-8f6e-000d3a655712
iOS_16805720561685714394178@grr.la,https://site-stage.artbasel.com/access?action=activate&code=uCp2zL&userId=d943eab6-4d01-ee11-8f6e-000d3ad9868c&extraAction=&redirect=,uCp2zL,d943eab6-4d01-ee11-8f6e-000d3ad9868c
iOS_55020149941685714430099@grr.la,https://site-stage.artbasel.com/access?action=activate&code=AYZr5h&userId=e9f03ecc-4d01-ee11-8f6e-000d3ad9838f&extraAction=&redirect=,AYZr5h,e9f03ecc-4d01-ee11-8f6e-000d3ad9838f
iOS_91735537661685714464448@grr.la,https://site-stage.artbasel.com/access?action=activate&code=nxSn2H&userId=508c4ede-4d01-ee11-8f6e-000d3ad98f71&extraAction=&redirect=,nxSn2H,508c4ede-4d01-ee11-8f6e-000d3ad98f71
iOS_30053079201685714475504@grr.la,https://site-stage.artbasel.com/access?action=activate&code=yjmNaN&userId=79193ae5-4d01-ee11-8f6e-000d3ad9838f&extraAction=&redirect=,yjmNaN,79193ae5-4d01-ee11-8f6e-000d3ad9838f
iOS_12967399331685714494086@grr.la,https://site-stage.artbasel.com/access?action=activate&code=sVKq9P&userId=c87102f1-4d01-ee11-8f6e-000d3ad985cf&extraAction=&redirect=,sVKq9P,c87102f1-4d01-ee11-8f6e-000d3ad985cf
iOS_83861360091685714512459@grr.la,https://site-stage.artbasel.com/access?action=activate&code=28cnFp&userId=455501fd-4d01-ee11-8f6e-000d3ad985cf&extraAction=&redirect=,28cnFp,455501fd-4d01-ee11-8f6e-000d3ad985cf
iOS_60639690231685714515632@grr.la,https://site-stage.artbasel.com/access?action=activate&code=uMBqFS&userId=97616ffd-4d01-ee11-8f6e-000d3ad9838f&extraAction=&redirect=,uMBqFS,97616ffd-4d01-ee11-8f6e-000d3ad9838f
iOS_28815753061685714533994@grr.la,https://site-stage.artbasel.com/access?action=activate&code=sKhEY7&userId=a2936e09-4e01-ee11-8f6e-000d3ad9838f&extraAction=&redirect=,sKhEY7,a2936e09-4e01-ee11-8f6e-000d3ad9838f
iOS_60341516111685714546523@grr.la,https://site-stage.artbasel.com/access?action=activate&code=2NApXd&userId=06d73d10-4e01-ee11-8f6e-000d3a655712&extraAction=&redirect=,2NApXd,06d73d10-4e01-ee11-8f6e-000d3a655712
iOS_85062304141685714552137@grr.la,https://site-stage.artbasel.com/access?action=activate&code=q56FJa&userId=51c7de14-4e01-ee11-8f6e-000d3ad9868c&extraAction=&redirect=,q56FJa,51c7de14-4e01-ee11-8f6e-000d3ad9868c
iOS_93242172381685714581377@grr.la,https://site-stage.artbasel.com/access?action=activate&code=nWViVY&userId=22b91927-4e01-ee11-8f6e-000d3ad98f71&extraAction=&redirect=,nWViVY,22b91927-4e01-ee11-8f6e-000d3ad98f71
iOS_97692233461685714586415@grr.la,https://site-stage.artbasel.com/access?action=activate&code=BCcXH3&userId=29504d2b-4e01-ee11-8f6e-000d3a6554c1&extraAction=&redirect=,BCcXH3,29504d2b-4e01-ee11-8f6e-000d3a6554c1
iOS_90780341181685714632726@grr.la,https://site-stage.artbasel.com/access?action=activate&code=Gf3VMG&userId=c6a2a447-4e01-ee11-8f6e-000d3a655712&extraAction=&redirect=,Gf3VMG,c6a2a447-4e01-ee11-8f6e-000d3a655712
iOS_11580225431685714637691@grr.la,https://site-stage.artbasel.com/access?action=activate&code=iaX3JL&userId=bb901146-4e01-ee11-8f6e-000d3a6554c1&extraAction=&redirect=,iaX3JL,bb901146-4e01-ee11-8f6e-000d3a6554c1
iOS_78373769771685714668277@grr.la,https://site-stage.artbasel.com/access?action=activate&code=P9PqXS&userId=96224b5e-4e01-ee11-8f6e-000d3a6554c1&extraAction=&redirect=,P9PqXS,96224b5e-4e01-ee11-8f6e-000d3a6554c1
iOS_48021762621685714672172@grr.la,https://site-stage.artbasel.com/access?action=activate&code=ePWNmc&userId=bc224b5e-4e01-ee11-8f6e-000d3a6554c1&extraAction=&redirect=,ePWNmc,bc224b5e-4e01-ee11-8f6e-000d3a6554c1
iOS_52260727491685714688826@grr.la,https://site-stage.artbasel.com/access?action=activate&code=PUAASq&userId=d960a465-4e01-ee11-8f6e-000d3a655712&extraAction=&redirect=,PUAASq,d960a465-4e01-ee11-8f6e-000d3a655712
iOS_49659657031685714708226@grr.la,https://site-stage.artbasel.com/access?action=activate&code=AXF2nz&userId=6a955f77-4e01-ee11-8f6e-000d3ad985cf&extraAction=&redirect=,AXF2nz,6a955f77-4e01-ee11-8f6e-000d3ad985cf
iOS_50746765571685714749318@grr.la,https://site-stage.artbasel.com/access?action=activate&code=74Vyaf&userId=fbcb6989-4e01-ee11-8f6e-000d3ad985cf&extraAction=&redirect=,74Vyaf,fbcb6989-4e01-ee11-8f6e-000d3ad985cf
iOS_49381966021685714768608@grr.la,https://site-stage.artbasel.com/access?action=activate&code=HFFk7j&userId=85a00d96-4e01-ee11-8f6e-000d3a655712&extraAction=&redirect=,HFFk7j,85a00d96-4e01-ee11-8f6e-000d3a655712
iOS_73143723721685714769567@grr.la,https://site-stage.artbasel.com/access?action=activate&code=u8P2G9&userId=92a00d96-4e01-ee11-8f6e-000d3a655712&extraAction=&redirect=,u8P2G9,92a00d96-4e01-ee11-8f6e-000d3a655712
iOS_59205147881685714810167@grr.la,https://site-stage.artbasel.com/access?action=activate&code=Cu5nLF&userId=aad08ab2-4e01-ee11-8f6e-000d3ad98f71&extraAction=&redirect=,Cu5nLF,aad08ab2-4e01-ee11-8f6e-000d3ad98f71
iOS_68430423171685714810167@grr.la,https://site-stage.artbasel.com/access?action=activate&code=h6EySp&userId=a9d08ab2-4e01-ee11-8f6e-000d3ad98f71&extraAction=&redirect=,h6EySp,a9d08ab2-4e01-ee11-8f6e-000d3ad98f71
iOS_38263904351685714850537@grr.la,https://site-stage.artbasel.com/access?action=activate&code=JBP8VR&userId=0b4d04c7-4e01-ee11-8f6e-000d3a6554c1&extraAction=&redirect=,JBP8VR,0b4d04c7-4e01-ee11-8f6e-000d3a6554c1
iOS_6259607191685714866470@grr.la,https://site-stage.artbasel.com/access?action=activate&code=2nGKPw&userId=f07199d3-4e01-ee11-8f6e-000d3a6554c1&extraAction=&redirect=,2nGKPw,f07199d3-4e01-ee11-8f6e-000d3a6554c1
iOS_19285333831685714872186@grr.la,https://site-stage.artbasel.com/access?action=activate&code=46DWTJ&userId=c57f28d2-4e01-ee11-8f6e-000d3ad9838f&extraAction=&redirect=,46DWTJ,c57f28d2-4e01-ee11-8f6e-000d3ad9838f
iOS_55598540801685714887817@grr.la,https://site-stage.artbasel.com/access?action=activate&code=qU4xxm&userId=d694dfde-4e01-ee11-8f6e-000d3ad9868c&extraAction=&redirect=,qU4xxm,d694dfde-4e01-ee11-8f6e-000d3ad9868c
iOS_12657830171685714909125@grr.la,https://site-stage.artbasel.com/access?action=activate&code=tZB74h&userId=be379feb-4e01-ee11-8f6e-000d3a6554c1&extraAction=&redirect=,tZB74h,be379feb-4e01-ee11-8f6e-000d3a6554c1
iOS_93325878351685714910175@grr.la,https://site-stage.artbasel.com/access?action=activate&code=6bzRgk&userId=63222dee-4e01-ee11-8f6e-000d3ad9868c&extraAction=&redirect=,6bzRgk,63222dee-4e01-ee11-8f6e-000d3ad9868c
iOS_26982043141685714943914@grr.la,https://site-stage.artbasel.com/access?action=activate&code=Huqvcj&userId=afb35bfc-4e01-ee11-8f6e-000d3ad9838f&extraAction=&redirect=,Huqvcj,afb35bfc-4e01-ee11-8f6e-000d3ad9838f
iOS_97427426451685714946819@grr.la,https://site-stage.artbasel.com/access?action=activate&code=nXZSXt&userId=ab59e901-4f01-ee11-8f6e-000d3ad9868c&extraAction=&redirect=,nXZSXt,ab59e901-4f01-ee11-8f6e-000d3ad9868c
iOS_59718420251685714963167@grr.la,https://site-stage.artbasel.com/access?action=activate&code=tJqG8p&userId=b8720908-4f01-ee11-8f6e-000d3ad985cf&extraAction=&redirect=,tJqG8p,b8720908-4f01-ee11-8f6e-000d3ad985cf
iOS_61437218531685714966918@grr.la,https://site-stage.artbasel.com/access?action=activate&code=h4Hh5k&userId=44ab6d0b-4f01-ee11-8f6e-000d3a655712&extraAction=&redirect=,h4Hh5k,44ab6d0b-4f01-ee11-8f6e-000d3a655712
iOS_33621071891685714982027@grr.la,https://site-stage.artbasel.com/access?action=activate&code=EXJkVp&userId=09a58215-4f01-ee11-8f6e-000d3ad98f71&extraAction=&redirect=,EXJkVp,09a58215-4f01-ee11-8f6e-000d3ad98f71
iOS_45873823001685714987003@grr.la,https://site-stage.artbasel.com/access?action=activate&code=LiV9Lj&userId=15f4021a-4f01-ee11-8f6e-000d3ad985cf&extraAction=&redirect=,LiV9Lj,15f4021a-4f01-ee11-8f6e-000d3ad985cf
iOS_77240001501685715006427@grr.la,https://site-stage.artbasel.com/access?action=activate&code=cqMRj6&userId=b9fd0423-4f01-ee11-8f6e-000d3a6554c1&extraAction=&redirect=,cqMRj6,b9fd0423-4f01-ee11-8f6e-000d3a6554c1
iOS_53402689361685715004292@grr.la,https://site-stage.artbasel.com/access?action=activate&code=DbRQV3&userId=d22e2326-4f01-ee11-8f6e-000d3ad985cf&extraAction=&redirect=,DbRQV3,d22e2326-4f01-ee11-8f6e-000d3ad985cf
iOS_28201506631685715025747@grr.la,https://site-stage.artbasel.com/access?action=activate&code=aRKJF4&userId=ee8e6932-4f01-ee11-8f6e-000d3ad985cf&extraAction=&redirect=,aRKJF4,ee8e6932-4f01-ee11-8f6e-000d3ad985cf
iOS_89245428121685715025284@grr.la,https://site-stage.artbasel.com/access?action=activate&code=FQs7sX&userId=09e7032f-4f01-ee11-8f6e-000d3a6554c1&extraAction=&redirect=,FQs7sX,09e7032f-4f01-ee11-8f6e-000d3a6554c1
iOS_62616556471685715063967@grr.la,https://site-stage.artbasel.com/access?action=activate&code=xjMfFF&userId=7dfb8d44-4f01-ee11-8f6e-000d3ad985cf&extraAction=&redirect=,xjMfFF,7dfb8d44-4f01-ee11-8f6e-000d3ad985cf
iOS_11963743701685715063967@grr.la,https://site-stage.artbasel.com/access?action=activate&code=QdN2cp&userId=cfde3745-4f01-ee11-8f6e-000d3ad9838f&extraAction=&redirect=,QdN2cp,cfde3745-4f01-ee11-8f6e-000d3ad9838f
iOS_54788823641685715105369@grr.la,https://site-stage.artbasel.com/access?action=activate&code=YSk5wi&userId=541c7562-4f01-ee11-8f6e-000d3a655712&extraAction=&redirect=,YSk5wi,541c7562-4f01-ee11-8f6e-000d3a655712
iOS_74801507701685715105576@grr.la,https://site-stage.artbasel.com/access?action=activate&code=d57z9k&userId=5b1c7562-4f01-ee11-8f6e-000d3a655712&extraAction=&redirect=,d57z9k,5b1c7562-4f01-ee11-8f6e-000d3a655712
iOS_73733167641685715124882@grr.la,https://site-stage.artbasel.com/access?action=activate&code=3r5LvS&userId=82513e6c-4f01-ee11-8f6e-000d3a6554c1&extraAction=&redirect=,3r5LvS,82513e6c-4f01-ee11-8f6e-000d3a6554c1
iOS_1644159671685715125296@grr.la,https://site-stage.artbasel.com/access?action=activate&code=AptB5s&userId=7be6a16e-4f01-ee11-8f6e-000d3ad985cf&extraAction=&redirect=,AptB5s,7be6a16e-4f01-ee11-8f6e-000d3ad985cf
iOS_23937548111685715144469@grr.la,https://site-stage.artbasel.com/access?action=activate&code=KcqJ2p&userId=702e8974-4f01-ee11-8f6e-000d3a655712&extraAction=&redirect=,KcqJ2p,702e8974-4f01-ee11-8f6e-000d3a655712
iOS_48619529021685715145924@grr.la,https://site-stage.artbasel.com/access?action=activate&code=hAfNhJ&userId=90425078-4f01-ee11-8f6e-000d3a6554c1&extraAction=&redirect=,hAfNhJ,90425078-4f01-ee11-8f6e-000d3a6554c1
iOS_5065797971685715163469@grr.la,https://site-stage.artbasel.com/access?action=activate&code=DbaBEe&userId=e19fd084-4f01-ee11-8f6e-000d3ad98f71&extraAction=&redirect=,DbaBEe,e19fd084-4f01-ee11-8f6e-000d3ad98f71
iOS_61229401781685715182249@grr.la,https://site-stage.artbasel.com/access?action=activate&code=KyfLgS&userId=1912d08a-4f01-ee11-8f6e-000d3ad98f71&extraAction=&redirect=,KyfLgS,1912d08a-4f01-ee11-8f6e-000d3ad98f71
iOS_16381392511685715200924@grr.la,https://site-stage.artbasel.com/access?action=activate&code=p4vsrG&userId=9acc7a96-4f01-ee11-8f6e-000d3a6554c1&extraAction=&redirect=,p4vsrG,9acc7a96-4f01-ee11-8f6e-000d3a6554c1
iOS_46330878471685715217243@grr.la,https://site-stage.artbasel.com/access?action=activate&code=ETRNsq&userId=81937ea2-4f01-ee11-8f6e-000d3a6554c1&extraAction=&redirect=,ETRNsq,81937ea2-4f01-ee11-8f6e-000d3a6554c1
iOS_46664113961685715236567@grr.la,https://site-stage.artbasel.com/access?action=activate&code=nyZdGY&userId=7a938fac-4f01-ee11-8f6e-000d3ad9838f&extraAction=&redirect=,nyZdGY,7a938fac-4f01-ee11-8f6e-000d3ad9838f
iOS_3758982661685715251955@grr.la,https://site-stage.artbasel.com/access?action=activate&code=cpmLYe&userId=788868b9-4f01-ee11-8f6e-000d3a655712&extraAction=&redirect=,cpmLYe,788868b9-4f01-ee11-8f6e-000d3a655712
iOS_58604065271685715257393@grr.la,https://site-stage.artbasel.com/access?action=activate&code=uwszTy&userId=e44b96bb-4f01-ee11-8f6e-000d3ad98f71&extraAction=&redirect=,uwszTy,e44b96bb-4f01-ee11-8f6e-000d3ad98f71
iOS_46273242231685715288723@grr.la,https://site-stage.artbasel.com/access?action=activate&code=FAZ8JK&userId=45046fcf-4f01-ee11-8f6e-000d3ad9868c&extraAction=&redirect=,FAZ8JK,45046fcf-4f01-ee11-8f6e-000d3ad9868c
iOS_30013572311685715309056@grr.la,https://site-stage.artbasel.com/access?action=activate&code=TKCBAb&userId=e96d28d6-4f01-ee11-8f6e-000d3ad9868c&extraAction=&redirect=,TKCBAb,e96d28d6-4f01-ee11-8f6e-000d3ad9868c
iOS_56368332781685715317684@grr.la,https://site-stage.artbasel.com/access?action=activate&code=VGLpYT&userId=f47c18e0-4f01-ee11-8f6e-000d3ad98f71&extraAction=&redirect=,VGLpYT,f47c18e0-4f01-ee11-8f6e-000d3ad98f71
iOS_18275100281685715328176@grr.la,https://site-stage.artbasel.com/access?action=activate&code=tjRxK5&userId=c2f10be4-4f01-ee11-8f6e-000d3a655712&extraAction=&redirect=,tjRxK5,c2f10be4-4f01-ee11-8f6e-000d3a655712
iOS_36506163051685715336516@grr.la,https://site-stage.artbasel.com/access?action=activate&code=teFQ8R&userId=e39d03e9-4f01-ee11-8f6e-000d3ad9838f&extraAction=&redirect=,teFQ8R,e39d03e9-4f01-ee11-8f6e-000d3ad9838f
iOS_49202692671685715354975@grr.la,https://site-stage.artbasel.com/access?action=activate&code=ncikrz&userId=cfde79f5-4f01-ee11-8f6e-000d3ad9838f&extraAction=&redirect=,ncikrz,cfde79f5-4f01-ee11-8f6e-000d3ad9838f
iOS_50821115501685715390859@grr.la,https://site-stage.artbasel.com/access?action=activate&code=wWFGQs&userId=29b9a609-5001-ee11-8f6e-000d3a6554c1&extraAction=&redirect=,wWFGQs,29b9a609-5001-ee11-8f6e-000d3a6554c1
iOS_28439701201685715394832@grr.la,https://site-stage.artbasel.com/access?action=activate&code=jTYYBH&userId=6189b80b-5001-ee11-8f6e-000d3ad9868c&extraAction=&redirect=,jTYYBH,6189b80b-5001-ee11-8f6e-000d3ad9868c
iOS_33543761171685715425209@grr.la,https://site-stage.artbasel.com/access?action=activate&code=ZPs8RZ&userId=a000ad1e-5001-ee11-8f6e-000d3ad985cf&extraAction=&redirect=,ZPs8RZ,a000ad1e-5001-ee11-8f6e-000d3ad985cf
iOS_60149492641685715462041@grr.la,https://site-stage.artbasel.com/access?action=activate&code=TQ95LP&userId=1b0a4a34-5001-ee11-8f6e-000d3a6554c1&extraAction=&redirect=,TQ95LP,1b0a4a34-5001-ee11-8f6e-000d3a6554c1
iOS_64434054351685715480665@grr.la,https://site-stage.artbasel.com/access?action=activate&code=UKYLFk&userId=f9527841-5001-ee11-8f6e-000d3a655712&extraAction=&redirect=,UKYLFk,f9527841-5001-ee11-8f6e-000d3a655712
iOS_35897779181685715492839@grr.la,https://site-stage.artbasel.com/access?action=activate&code=gAFem5&userId=98d25d46-5001-ee11-8f6e-000d3a6554c1&extraAction=&redirect=,gAFem5,98d25d46-5001-ee11-8f6e-000d3a6554c1
iOS_90504127001685715499453@grr.la,https://site-stage.artbasel.com/access?action=activate&code=8V6APF&userId=49b96049-5001-ee11-8f6e-000d3ad985cf&extraAction=&redirect=,8V6APF,49b96049-5001-ee11-8f6e-000d3ad985cf
iOS_77895516011685715943735@grr.la,https://site-stage.artbasel.com/access?action=activate&code=TsAs74&userId=70d9cc55-5101-ee11-8f6e-000d3ad9838f&extraAction=&redirect=,TsAs74,70d9cc55-5101-ee11-8f6e-000d3ad9838f
iOS_71739234501685715943720@grr.la,https://site-stage.artbasel.com/access?action=activate&code=jfmZmu&userId=29132f53-5101-ee11-8f6e-000d3a655712&extraAction=&redirect=,jfmZmu,29132f53-5101-ee11-8f6e-000d3a655712
iOS_45954556621685715962177@grr.la,https://site-stage.artbasel.com/access?action=activate&code=Dq9aFa&userId=ec12b75c-5101-ee11-8f6e-000d3ad9868c&extraAction=&redirect=,Dq9aFa,ec12b75c-5101-ee11-8f6e-000d3ad9868c
iOS_7322604661685715961955@grr.la,https://site-stage.artbasel.com/access?action=activate&code=aQVX5F&userId=eb12b75c-5101-ee11-8f6e-000d3ad9868c&extraAction=&redirect=,aQVX5F,eb12b75c-5101-ee11-8f6e-000d3ad9868c
iOS_8325055631685715980540@grr.la,https://site-stage.artbasel.com/access?action=activate&code=anCJWp&userId=e775336a-5101-ee11-8f6e-000d3ad9868c&extraAction=&redirect=,anCJWp,e775336a-5101-ee11-8f6e-000d3ad9868c
iOS_17425333811685715998103@grr.la,https://site-stage.artbasel.com/access?action=activate&code=D6CxjZ&userId=ee0f8073-5101-ee11-8f6e-000d3ad985cf&extraAction=&redirect=,D6CxjZ,ee0f8073-5101-ee11-8f6e-000d3ad985cf
iOS_99903167321685715999205@grr.la,https://site-stage.artbasel.com/access?action=activate&code=TnY4iB&userId=54dfcd73-5101-ee11-8f6e-000d3ad98f71&extraAction=&redirect=,TnY4iB,54dfcd73-5101-ee11-8f6e-000d3ad98f71
iOS_6205554981685716016476@grr.la,https://site-stage.artbasel.com/access?action=activate&code=gsVCt3&userId=8ea3dc7d-5101-ee11-8f6e-000d3ad9868c&extraAction=&redirect=,gsVCt3,8ea3dc7d-5101-ee11-8f6e-000d3ad9868c
iOS_3934837021685716033541@grr.la,https://site-stage.artbasel.com/access?action=activate&code=GnVGLr&userId=28822787-5101-ee11-8f6e-000d3a6554c1&extraAction=&redirect=,GnVGLr,28822787-5101-ee11-8f6e-000d3a6554c1
iOS_53379540721685716034911@grr.la,https://site-stage.artbasel.com/access?action=activate&code=e3fNXX&userId=31822787-5101-ee11-8f6e-000d3a6554c1&extraAction=&redirect=,e3fNXX,31822787-5101-ee11-8f6e-000d3a6554c1
iOS_40069161091685716053111@grr.la,https://site-stage.artbasel.com/access?action=activate&code=DNQyRz&userId=01642f92-5101-ee11-8f6e-000d3ad9868c&extraAction=&redirect=,DNQyRz,01642f92-5101-ee11-8f6e-000d3ad9868c
iOS_28637390071685716067547@grr.la,https://site-stage.artbasel.com/access?action=activate&code=He7yYK&userId=5ca7bb9c-5101-ee11-8f6e-000d3a655712&extraAction=&redirect=,He7yYK,5ca7bb9c-5101-ee11-8f6e-000d3a655712
iOS_19472175391685716087123@grr.la,https://site-stage.artbasel.com/access?action=activate&code=XSEzA7&userId=536c30ab-5101-ee11-8f6e-000d3a6554c1&extraAction=&redirect=,XSEzA7,536c30ab-5101-ee11-8f6e-000d3a6554c1
iOS_53537905741685716101965@grr.la,https://site-stage.artbasel.com/access?action=activate&code=aVLwTe&userId=0159cbb0-5101-ee11-8f6e-000d3ad9838f&extraAction=&redirect=,aVLwTe,0159cbb0-5101-ee11-8f6e-000d3ad9838f
iOS_52324810921685716120131@grr.la,https://site-stage.artbasel.com/access?action=activate&code=yF5HbS&userId=bd7d0cbf-5101-ee11-8f6e-000d3ad9868c&extraAction=&redirect=,yF5HbS,bd7d0cbf-5101-ee11-8f6e-000d3ad9868c
iOS_48895964781685716121450@grr.la,https://site-stage.artbasel.com/access?action=activate&code=9gXVXT&userId=0758a0bb-5101-ee11-8f6e-000d3a655712&extraAction=&redirect=,9gXVXT,0758a0bb-5101-ee11-8f6e-000d3a655712
iOS_41371563841685716138181@grr.la,https://site-stage.artbasel.com/access?action=activate&code=45ziJR&userId=f52f86c9-5101-ee11-8f6e-000d3a6554c1&extraAction=&redirect=,45ziJR,f52f86c9-5101-ee11-8f6e-000d3a6554c1
iOS_4903166111685716156287@grr.la,https://site-stage.artbasel.com/access?action=activate&code=bq6gMZ&userId=a5413dd4-5101-ee11-8f6e-000d3ad985cf&extraAction=&redirect=,bq6gMZ,a5413dd4-5101-ee11-8f6e-000d3ad985cf
iOS_66001148271685716156303@grr.la,https://site-stage.artbasel.com/access?action=activate&code=wsHdRV&userId=c3cac1d4-5101-ee11-8f6e-000d3ad98f71&extraAction=&redirect=,wsHdRV,c3cac1d4-5101-ee11-8f6e-000d3ad98f71
iOS_9085503621685716174655@grr.la,https://site-stage.artbasel.com/access?action=activate&code=2GGXDg&userId=8c1997db-5101-ee11-8f6e-000d3ad9838f&extraAction=&redirect=,2GGXDg,8c1997db-5101-ee11-8f6e-000d3ad9838f
iOS_15234195631685716174925@grr.la,https://site-stage.artbasel.com/access?action=activate&code=Qx8G8u&userId=79f737da-5101-ee11-8f6e-000d3ad985cf&extraAction=&redirect=,Qx8G8u,79f737da-5101-ee11-8f6e-000d3ad985cf
iOS_17786154371685716209177@grr.la,https://site-stage.artbasel.com/access?action=activate&code=5ZJ7Qq&userId=aaa62df4-5101-ee11-8f6e-000d3a655712&extraAction=&redirect=,5ZJ7Qq,aaa62df4-5101-ee11-8f6e-000d3a655712
iOS_79935784721685716209193@grr.la,https://site-stage.artbasel.com/access?action=activate&code=EcpS4G&userId=13f4b3f3-5101-ee11-8f6e-000d3ad9838f&extraAction=&redirect=,EcpS4G,13f4b3f3-5101-ee11-8f6e-000d3ad9838f
iOS_31022272721685716244289@grr.la,https://site-stage.artbasel.com/access?action=activate&code=q9RAwQ&userId=ea568607-5201-ee11-8f6e-000d3ad98f71&extraAction=&redirect=,q9RAwQ,ea568607-5201-ee11-8f6e-000d3ad98f71
iOS_20885799451685716244991@grr.la,https://site-stage.artbasel.com/access?action=activate&code=aKQkuH&userId=bdfc5d06-5201-ee11-8f6e-000d3ad9838f&extraAction=&redirect=,aKQkuH,bdfc5d06-5201-ee11-8f6e-000d3ad9838f
iOS_99705319161685716280562@grr.la,https://site-stage.artbasel.com/access?action=activate&code=AKqFeQ&userId=82ffbc19-5201-ee11-8f6e-000d3ad9868c&extraAction=&redirect=,AKqFeQ,82ffbc19-5201-ee11-8f6e-000d3ad9868c
iOS_34356968951685716295796@grr.la,https://site-stage.artbasel.com/access?action=activate&code=DeneKj&userId=9810a426-5201-ee11-8f6e-000d3ad98f71&extraAction=&redirect=,DeneKj,9810a426-5201-ee11-8f6e-000d3ad98f71
iOS_9889478441685716314236@grr.la,https://site-stage.artbasel.com/access?action=activate&code=MfMTuJ&userId=c0e1fb30-5201-ee11-8f6e-000d3ad985cf&extraAction=&redirect=,MfMTuJ,c0e1fb30-5201-ee11-8f6e-000d3ad985cf
iOS_65373809411685716330982@grr.la,https://site-stage.artbasel.com/access?action=activate&code=t7jm9L&userId=609b5739-5201-ee11-8f6e-000d3ad98f71&extraAction=&redirect=,t7jm9L,609b5739-5201-ee11-8f6e-000d3ad98f71
iOS_21762250851685716332586@grr.la,https://site-stage.artbasel.com/access?action=activate&code=59uDfY&userId=689b5739-5201-ee11-8f6e-000d3ad98f71&extraAction=&redirect=,59uDfY,689b5739-5201-ee11-8f6e-000d3ad98f71
iOS_62355023361685716350005@grr.la,https://site-stage.artbasel.com/access?action=activate&code=QyWmhG&userId=33c29442-5201-ee11-8f6e-000d3a6554c1&extraAction=&redirect=,QyWmhG,33c29442-5201-ee11-8f6e-000d3a6554c1
iOS_327785261685716351260@grr.la,https://site-stage.artbasel.com/access?action=activate&code=qYsush&userId=bb1c7e43-5201-ee11-8f6e-000d3a655712&extraAction=&redirect=,qYsush,bb1c7e43-5201-ee11-8f6e-000d3a655712
iOS_32956590701685716368108@grr.la,https://site-stage.artbasel.com/access?action=activate&code=ycX7U5&userId=e03fb951-5201-ee11-8f6e-000d3a655712&extraAction=&redirect=,ycX7U5,e03fb951-5201-ee11-8f6e-000d3a655712
iOS_71540899201685716369443@grr.la,https://site-stage.artbasel.com/access?action=activate&code=2uSWLb&userId=7238ca51-5201-ee11-8f6e-000d3ad98f71&extraAction=&redirect=,2uSWLb,7238ca51-5201-ee11-8f6e-000d3ad98f71
iOS_24690222491685716388322@grr.la,https://site-stage.artbasel.com/access?action=activate&code=WY96VV&userId=4cd1345a-5201-ee11-8f6e-000d3ad9868c&extraAction=&redirect=,WY96VV,4cd1345a-5201-ee11-8f6e-000d3ad9868c
iOS_19474280441685716418228@grr.la,https://site-stage.artbasel.com/access?action=activate&code=Ajad5m&userId=3a80446c-5201-ee11-8f6e-000d3a655712&extraAction=&redirect=,Ajad5m,3a80446c-5201-ee11-8f6e-000d3a655712
iOS_35751239081685716423097@grr.la,https://site-stage.artbasel.com/access?action=activate&code=m7YE6F&userId=937a156e-5201-ee11-8f6e-000d3a6554c1&extraAction=&redirect=,m7YE6F,937a156e-5201-ee11-8f6e-000d3a6554c1
iOS_60500147791685716436690@grr.la,https://site-stage.artbasel.com/access?action=activate&code=2KdxEV&userId=19575876-5201-ee11-8f6e-000d3ad98f71&extraAction=&redirect=,2KdxEV,19575876-5201-ee11-8f6e-000d3ad98f71
iOS_68436377361685716455304@grr.la,https://site-stage.artbasel.com/access?action=activate&code=Jen3ZQ&userId=7eb24d82-5201-ee11-8f6e-000d3ad98f71&extraAction=&redirect=,Jen3ZQ,7eb24d82-5201-ee11-8f6e-000d3ad98f71
iOS_68801144551685716459868@grr.la,https://site-stage.artbasel.com/access?action=activate&code=nq4S4g&userId=bc585087-5201-ee11-8f6e-000d3a6554c1&extraAction=&redirect=,nq4S4g,bc585087-5201-ee11-8f6e-000d3a6554c1
iOS_94464446591685716477961@grr.la,https://site-stage.artbasel.com/access?action=activate&code=zwerYq&userId=b6b10394-5201-ee11-8f6e-000d3ad985cf&extraAction=&redirect=,zwerYq,b6b10394-5201-ee11-8f6e-000d3ad985cf
iOS_64838686101685716489337@grr.la,https://site-stage.artbasel.com/access?action=activate&code=sPqGbx&userId=50f2e795-5201-ee11-8f6e-000d3ad9868c&extraAction=&redirect=,sPqGbx,50f2e795-5201-ee11-8f6e-000d3ad9868c
iOS_29436136181685716498684@grr.la,https://site-stage.artbasel.com/access?action=activate&code=HQPVKs&userId=c79e019c-5201-ee11-8f6e-000d3ad9868c&extraAction=&redirect=,HQPVKs,c79e019c-5201-ee11-8f6e-000d3ad9868c
iOS_86050670311685716508131@grr.la,https://site-stage.artbasel.com/access?action=activate&code=LDiVhV&userId=6e0007a6-5201-ee11-8f6e-000d3ad985cf&extraAction=&redirect=,LDiVhV,6e0007a6-5201-ee11-8f6e-000d3ad985cf
iOS_43446544051685716517550@grr.la,https://site-stage.artbasel.com/access?action=activate&code=Vg2KTf&userId=291feaa6-5201-ee11-8f6e-000d3ad98f71&extraAction=&redirect=,Vg2KTf,291feaa6-5201-ee11-8f6e-000d3ad98f71
iOS_79027312691685716526707@grr.la,https://site-stage.artbasel.com/access?action=activate&code=c38SY7&userId=dcd81bac-5201-ee11-8f6e-000d3ad985cf&extraAction=&redirect=,c38SY7,dcd81bac-5201-ee11-8f6e-000d3ad985cf
iOS_17502935261685716536226@grr.la,https://site-stage.artbasel.com/access?action=activate&code=LhdXay&userId=f487acb3-5201-ee11-8f6e-000d3a6554c1&extraAction=&redirect=,LhdXay,f487acb3-5201-ee11-8f6e-000d3a6554c1
iOS_21431592351685716561166@grr.la,https://site-stage.artbasel.com/access?action=activate&code=Sar4kw&userId=843bf9c2-5201-ee11-8f6e-000d3ad9868c&extraAction=&redirect=,Sar4kw,843bf9c2-5201-ee11-8f6e-000d3ad9868c
iOS_20330354321685716590757@grr.la,https://site-stage.artbasel.com/access?action=activate&code=2CF3RT&userId=d07cb8d2-5201-ee11-8f6e-000d3a6554c1&extraAction=&redirect=,2CF3RT,d07cb8d2-5201-ee11-8f6e-000d3a6554c1
iOS_28725117941685716595783@grr.la,https://site-stage.artbasel.com/access?action=activate&code=TweftT&userId=b30a9bd6-5201-ee11-8f6e-000d3ad985cf&extraAction=&redirect=,TweftT,b30a9bd6-5201-ee11-8f6e-000d3ad985cf
iOS_22568586541685716609197@grr.la,https://site-stage.artbasel.com/access?action=activate&code=66g5rA&userId=97bb16df-5201-ee11-8f6e-000d3a6554c1&extraAction=&redirect=,66g5rA,97bb16df-5201-ee11-8f6e-000d3a6554c1
