Voucher_Codes,VIP_AccessCode
WRmdoC,12hEVedu
9OUIat,9AjKqp9p
xA922E,N151FHLK
2WZ732,jVa5LkRk
ceyjjB,8uc7P5wI
4MSysw,VPbXkFLx
N76Nlg,jeMAhcYR
vLw5u6,Otkmvwz5
wlVzty,u1tSyMCU
n2v1Xb,Jp1Nbam4
nJ3hSp,QpzdT7PB
Mx38Ig,uA3P1KqG
dZu6Dc,eijGPI98
2tvphL,iZN41ZfJ
XdrgEe,rYP6ySlj
NvihUE,0qqhvprJ
584PVd,8No8vwZj
zAQrDl,YfnxBfmO
U1JEAf,rfpGHvra
rlWBHa,yrpulkxz
WaHUDJ,1hbFmDlm
7aD1aT,opkkNzWb
wpTqee,FcNFfhHo
pp8PsD,W7yfIjlU
88mzUo,jj6sZnEw
KKGQrb,XtU1Fssf
psYi8z,2GEuwY9c
bfMzS9,5sEYTSJz
xLHW5D,XaYGbWLF
6URgcp,vMuNXy7u
BxXG43,yzKL6WcJ
YV1WO1,6ShVT71T
eY5yRA,R2LeIzVg
7xW9R7,imdewYLq
nmuVpg,F9NhwgiD
3AlGFa,wCsVd2B3
r4Hk1N,bGemfFg3
mzlL74,rSrv1WCZ
HK6f2N,5h0eBUfD
wc2tXK,eXquXdZV
bUrMGb,rT2VirQS
bQxRgk,nzUKKnVi
JCpgmD,HYJ5QwPh
WlfFBd,raKWRkjf
tvmLwd,Sfxr85Hl
TNtTIJ,tFeftyLY
oAImUC,zND0yc7C
UCtuVV,ViOftfbO
aTrz6n,j8VNnaOu
wrgKZ4,ZbnB30HZ
gpR77k,wXK8JWNJ
iWLelO,7cuQLMtg
oSAA4l,MMX9TMCp
1izfVd,OlP476FJ
6XWvpi,o68xW95g
uQbyFK,evMbMXWL
rGaWec,FDcGSSmO
oldMWz,2F9NSnE4
Mk13df,sr5GcA0E
d3KlGf,AzU6fm7d
JJW53K,6ZazwKZm
Wl6IMr,Hhf18iFi
bbLFyB,O6ZD5boS
zaO1rp,XPYwpfQt
GpfpFk,4MCJdq5D
eAtCV6,cvzQOK6g
35H9vc,g1MVAsGV
Qv0BVD,ucmALBI7
A6VwaP,fRad1fND
0ZEuOS,v6Vptk1o
nWydKu,s09ZowbV
8HYG0x,epgaK6Xz
2wNoLq,5y0JMLRn
SK8ZJn,mJQ0DcmQ
FNtIhF,9TcUyI01
Hsdwl9,OJ5dAggs
GZHxXL,m7frhIeL
vv2r5X,Va87G9UO
g6H2Za,F5sb0u0h
L23phv,K76dKewa
lelltp,dtrs5qxv
k9agN1,iVGAdjfH
db4JUz,VDy3Cr6S
aP7r64,aaMthk3X
FexIAj,nxoGQkzx
Ey2yRC,3d3fz6e1
hraewp,M5zBHPAI
wz8jyx,fBgdEU1X
ZIqKx1,T71c3brV
spOsQG,l9fvMDni
7L2LUW,Km67kfEB
k1JEal,fRru1tJ5
ltTY7p,1oc2l88X
37czdV,qqNOUAUg
ZOC29z,ErcOmPp2
hCC2rO,g8X7YMlc
UhsSPW,rIkq5Vqh
GRYnEm,0gkWTHl4
QaAkZ4,unAaowYh
Q08Y2j,CT7TjSVg
2p1c1O,MpUdMkzt
dKiDJF,DkrG0zky
PfQzkC,eQZ3VqpR
5Sa301,TNjACsut
nlhLGX,GZ9f7wrC
aDGY1t,Dg0iKDEb
CpBYVS,bgDZf3mp
MulM4K,HHSOLFeI
cUjgji,2Jsu7PRv
IXU0jD,3zIvFbsj
CIUfIp,5VIsPHA2
z4ibZj,oGgesbXA
p0wAkp,qQIeWbSO
5x0JjF,nUWTzPlV
a8WpgR,6XioMD67
VToa4X,4w8aGyO7
3mpdUR,qqpf6fgJ
g8V2jP,BAAMcJD0
jFrl1C,Thinq02t
pcUgqG,5152RZEQ
byNwjP,mZLmGzFX
7dU0fF,aqmCD3jH
lwjxzK,b7cJeLPh
nswZAE,qJ1li4ie
ollmiZ,UWA3bKre
rqKfjS,LfFWCpWw
1nUgU2,4ahMc2G6
AJ6gRu,ogjnaCSL
wgBy7y,JVemRY8W
bKNa3T,w4F10yLh
9XT365,gdio7hsR
diaefe,Y50eUNJI
U1muk2,eimzxFQI
Oh0iyN,ymrS9asa
X4LzT4,TEdbdgwx
2gbCaV,fruKLeLu
B4sW4f,QPFHXWfi
FmPVt6,oQoO2HQq
JRyyJn,t2NeRZ3F
NawJKp,1TMiTM6h
i4WVDS,5f9tSxAm
2iVc8I,lrFpGUnC
RNI7ei,VeMj0X2n
7bbYh9,MK6wwFIg
SwIT0J,CgmdEqMc
EUpikW,brStTUEu
ZicM9r,G0gsiSXS
n2M2Ge,UXIUH7vY
vlUUF7,TAFtvQH8
Cy3Qx6,HSuPXkCH
BgmYw5,60Jx9F1b
fj9Mfs,RZes2qFR
cWx6mU,MK373XMJ
vd5c9W,NNWNWpT4
YfoXT2,mAelcpHj
gbdQgS,ia6KL4v1
JlpDeg,Q0sOO5eg
oVTTqG,jzPnibn8
x7LJcp,XQ8LN5Pk
Fek9cL,g2kvES7S
FuQ0rS,zq1RpUDf
qYLnDW,eyHNqJ9c
SomN6Q,O2Sh3d1p
fvvz7c,6J5yAyGk
i3PS9z,vRd6fQzf
6nedFK,gL6X9FbS
tC9dIV,qt4HHcPX
rqd5Wy,OiTqV8XN
hYsVTI,mtnX03cj
McaZmV,D7aChjFH
KDmoaD,9H7ciVgw
uBhqDe,mj31dKmX
LoBhWV,1sYb234H
6X5Ug0,4LdvwqNV
xblH2q,0AU6klNS
fXfnSV,pPAvMFOt
9OmRXl,2XwXb6XN
2UaXge,JcRNUAX7
rFs70Q,kH9taMlw
2NyoJ3,lPOKqXVc
5mnh9c,hDixemCZ
0ScRRD,N9jBmsHT
1N9WKh,Wtn48CNz
hWf1qW,qdKB4qTN
GVGDGs,A4IQ3tuv
gcPNVB,tRCFxoXA
i3ILE9,A54hlc64
z3QTGZ,ATfMo82a
3fwQb7,ljNtBmLG
1iQ1pR,7yOCN4B5
Z3O8E4,KJSds1bN
d7kNhs,Qt81XFTn
4qgAJF,fHGJQuJW
C0aBrR,pPfc3eEX
C40Q8C,qCJ1gaHT
kxweKs,Mcnpyetv
XSYH9r,Ot31otgQ
1HZtE8,QxIDAlYs
BBbzGd,RGhqNbcT
0MTYmG,qPZzhHcS
BIFfA7,Ag2BI9r0
fjLPrQ,jsRcCZKt
i31ugR,i6nVM62V
dmSaxg,d997AMRB
9OEbJu,YbiQoU3s
a2jVPw,MshcHDS2
MbPMN4,WhPT0vj4
5AEh8W,Pqwc6BNS
0ibfnS,PHNRrVor
IuUFje,3lk8io3H
8wfLVS,Ijg5AjlJ
oAgGlq,cJyP4Zxu
0GuA5l,oHDRaPOt
AbvJKq,aaZfWHZt
K44dXr,TbEg8omz
2pMVcR,CbGhoXsg
Cn9Ess,LIiaXAv8
HbA0cp,mnV85vKX
FPc73C,8uj4u9mg
RQaY0Y,8l9fGBcr
JrDlcl,eXYpDzjT
huksRd,h5CvVhtB
C28qHH,Rhyb4uoE
IAb1iW,3vbeuwxA
SRicSk,bmXFcisu
YSmu3n,WBvcYkeG
QjurEv,kGSdPzUL
8Dx9P5,PfRcV8Vu
U7vEkT,qXt6s5sB
g6YxwZ,47EldFOW
HUDGLc,1K0rGZlN
eV0etv,8AxRIh7V
882rVj,iPXFkwWJ
ntvzSf,FXjErCzv
uP2vS6,6R7Ol0Hh
IretkE,DJpMDnOl
NRx1tl,ifTUcMAo
Cgy5b8,mVgWXApi
c1wIoT,NhOwbYOS
Uq3Ii5,m1YawOja
eBk5dx,Eqzg0iPU
wO5PL5,EAqWfuYQ
axg3pj,lXQsK5oe
i7NSh0,wUTJ9gvT
oLMDXA,SPFGKvXd
oiFF1Y,d4VSReYa
WXihTW,BahlL4WV
QOU2Vt,UGxyne41
83nNiD,KcL1eBIo
X1Cowq,jR8gTH5i
0J19ux,CTHeTdBJ
lSr3BT,dzaEqQFa
cYmCTC,s7fRrPny
ZaCxqz,rN0FLovV
YxYsqw,oKOUIfMX
nUi87L,Jp13PDBb
tWsOwA,UTA7YxQZ
GQwBYh,Q2O8GvQr
iJUSBg,nzncKgvJ
9G7x3x,ddFfUAwY
wLho3i,atocsNPf
Kdw91M,dDrlihmm
dU2jC3,c465fKfS
kI50bx,RDPJICvx
h04djG,bcOqDjLO
UulDrY,xn6Md87M
QKgeWk,utrsKtpj
3aKr5x,C63xltM4
2uehtp,0q30hnxH
Xcr9tq,8weirj1i
XMjio8,ZbmFnIcu
0Ssztw,kNQofjru
X8O3W7,i5ewfBNC
AIxidE,56xWabuR
ElEEGh,ngE4pPy4
KnJBnf,PjhoMUGe
1wyzQC,LVYJwnER
0s1AQI,5rKA42LH
JPZTgC,NjBbDXXM
rpAqWV,gyXS0n9Z
nzdIMQ,KarRbIzr
gE8DNK,7RjZLQck
H9D6ud,Y9cMEHWT
8Fd7fO,fm7ke0jR
74Ch7M,G97YawFp
7nnGmn,vJrUehuc
0DgjYz,8TaX5jeX
zzR7pd,BZNMKt2a
cE0LgV,V7WuFVCB
AGnFbW,LdBcX8tX
jg9P3f,ACc1AqWy
hddyN5,rK6h9HJZ
JXhijI,1EtKbbnO
szfUBg,JGcdF4J3
71dg4z,p8p8hZDJ
I3GbdA,9a3idypG
rjIE6I,cpU0mhcU
zzmY7b,u5l299Wv
zhdEf8,q8xv6O6e
SyxkVH,rnZOx1Qr
SHCeH2,e9P7eIri
hzXFbx,ncG0rIxf
3rR2cY,8p2fTESJ
LZPgTx,cYyWxYmr
jBhHUc,hWKTXIJp
SxeeFz,hGeMFWVp
Xveb8l,q297utFn
UaQESD,RC1cDQgZ
4ntCEO,yk17imfx
0fhZoV,5gciVOzZ
C8C3gJ,aeI5c4ol
rH8hFW,56Ba7lPj
BNm8o0,p7vVlCLL
QFBJGO,zrb7tVWh
s5JJlU,nPYTnOiZ
I8Y7Wb,xS09QxGP
KJ1QgW,rPg9JsmY
dTEeMD,G4fDqX5X
D5yT3J,3ODeG2za
Ka7get,LYoEC37h
oPofbF,ijpgOSwK
V8P0hJ,1XUZVs1k
Tcig5v,ItlYbObJ
zD94na,qolwiZRz
H0tZfN,E3CyF25N
VQistj,RWOatmAT
XvQ4h3,Ke0sOaaU
4hXxzu,EoQ1LVgo
Q6q0sR,C8KEokuk
UC3lwc,f1loSzbe
9sZpgq,f6SWjfv8
idFsiM,5zssDDIi
N1wII6,j5seNa2o
UEXH2J,kc3NZ9zY
3a1MaN,z1Ymfwai
Le4tyh,RS4ghGM1
yNAXju,wuhBhXda
3wpfNs,YqHSNxrY
9PLy0h,zgCK7Qaj
bQgGCr,0OQnm3dd
qnWrTQ,agUx8RSS
hAlTHA,OjOEOcG3
4Rzqc7,37ilJCHb
yDdDcX,THmJNQy1
ugK7QX,RLhzhAQH
1ARoAW,xmlDFSc0
th5GME,Dcerymuf
Hc6lDC,6vUsJt4X
Uxwa4e,s8xbdbdJ
j48yWr,Jb4sFrtY
4Mwxmd,3yB1SKVw
4mE1VE,V0FwFLXG
Z6WA9M,iTn8VDnJ
GtsylP,Z4GbGbxO
7J9h7g,kRv9gPzR
OHDjqh,l5CV9C8A
Xpqu1f,Yfcj1U2j
hAlbyl,7rO39cMl
IdoZfa,ybwIzsGm
bbJSal,hZbOZMPo
vjbx1O,vrkhmXKJ
wwR34C,YTmbLNJD
WZFR0n,cfnHEmb8
89VFm0,YM2ceqaD
7uv64r,uCbohKfk
tIwgxe,PwrLEdsx
hTlIEg,lbacYrts
cTrLSc,duSqxfc1
tkA1xo,Q6H5rWuT
MUk2dN,ePCcpkPQ
o4fkeB,mwUaAXXZ
8JxcOL,63b6AjTE
Lexzqn,wLbVvLXe
ugTmjF,ELnOkeHq
txcZp3,NuIg6qxd
Y8pnmJ,gHvxdP1k
wjAKKM,Nr1oLFCu
omulDy,4Sy4owEK
8Y7OeC,JvqXaw7O
bOAEpT,3XwuJbjV
DYqKTY,Avy1eW3g
p54ZRh,bYIf06lB
3SpKFS,uhqR1SHT
aBxDRf,09NYOKNh
obl279,gp0ipk3o
ztOhLZ,4eUCOoiu
0rphkd,006D1gv3
HwUqcY,4i6wPhcZ
4AAweq,TYhQ8FdU
sfHUqK,oZzdDQte
KBvArQ,s9uyH7Sv
GYvy0M,alhdHXhV
btxv9k,idykOSPG
VQej1K,LYRkPftr
Q5LgOV,RESLbXCM
JkS4pJ,OjHh5MHt
7iRah4,sYftBGKV
gDrGOs,NnHg1AHG
z7lljz,g0e9zRDo
d7NsUR,BGJJTgdh
1NdikR,PNRtd13D
H79mVg,9pDmart0
X6O7aj,q65bndKH
Lu7vvC,mmW3xQVj
xqQ4Xk,6qwcDiUD
M81eke,nD89982w
QasV7M,7VuihrJL
Xmi5Rq,tf0UlOIr
BVssxT,X8I7EAQD
w2MLZ0,MEQbLiG0
RQEhjY,sHjmLDwq
3enbGP,Vu4hy5MN
pH3bc1,3UbeRaAp
IcrXVn,aeVnT4nB
dDNBhr,hOmKEDej
scnjg2,UvsmTB9P
iTPmnT,CRpKmjzq
q5V1Ns,uOsucdXc
iYFZQe,K2tXVLLJ
4JqJPh,HHc0HlKR
lnvXKZ,M3WBdUQv
mYXRaJ,cGeVzY8x
20JlBK,jQMy52xg
b7QUHc,Dl0AYZlu
FF0kcm,x4DyMWgb
3Laddo,qI5fyt6b
VBw0Q4,guMExVZk
T7bm95,oUJ8tgP7
FNIc30,fqibNpqY
oXF0Za,SLT4UqjZ
g97kBO,z74Mstk7
IPuVYx,0tNqnUlL
krJ4qc,xSDvVMEQ
IzF0bz,gK0dmg24
ZoPhce,as85szPj
6KI8EY,AbFjoes7
fAKmvM,0O9k8xr7
WMaML9,NrdDwlfe
7ZSdjg,XlwxHQ73
zKHnmF,Uj1pGC5O
I57KOh,evVjVLDY
77AvkW,hWeBPznp
sgvTDI,y3sqJwAx
WfGdMw,lCm0hVhi
DCob9U,SG0S3Xv5
0WaZVr,Wltia9vJ
MBodRO,DGw5oToG
IEH6cy,82zZWIH3
vsr8RZ,xR4PFASp
NeJTXa,lUWGCYD0
kiEhZH,MAi0uGqU
4kasOg,pCrrNmkA
6GN9sS,o8vbqGkr
mWsbpB,t2u4wppv
c7KNLC,qGJSozpX
rJLFco,3URBHJiq
BOJd8T,RKqUIAaY
1qv0MS,k3xOKusy
22pf7U,8M0vhofv
Yjqt6H,knBx1ENa
Mn0KWG,NXKm0uTp
Tepcyt,V1f356Zi
TW25oT,AjSkg3Ue
R3B6y3,pTUX4Z8b
nDWG1w,jhCx1SvR
lakQG4,adhXLQgz
5Ugxzt,Yv0yxT2u
sb7PjR,wZxM1Npa
yViPPJ,J2FRRB9q
UaxudS,YCq2lr3Q
VceKpV,bkY7pLVT
dqoY2P,EpULe2FQ
Tl1gwh,Nxp8pVwk
al9BvM,YlkjXb1W
KM3hwN,96fosG9m
f8obYn,4WxlcMdP
5HNHX0,ramuSMlv
tO01rc,xrTxoKgb
miJp2E,4A7Coa27
Qh3YPD,VjJaDRYv
AyS1me,HdTyIT90
IGgsrA,J3em7YwL
5JWAPJ,MfD5bWFF
O4Nr91,douVVuQl
BM5XbV,2tRXL4Ak
rzpaZr,nWR3MJk2
L4LAmR,7g3IdgEg
7RFoi5,j6thVtsT
OmwmrP,pKmuaWvk
0TjZQ4,2TOpB7a8
2DKs7L,q6Wbz1i8
CnAlzP,inkXRe2G
V3jmza,2yqTjkXp
mqq36r,YBfPoEX1
Dv9dlv,bOVr5gCm
DMpbq3,ANdlBdaL
BiSQgu,IJoP87Rw
ylKrgV,CzoeexE3
7GKKnd,IkgTLaFU
Fef1Ik,rPPnO0Cv
x65gme,NYCEbFyd
epdNNm,BCqhcujh
KkLjy4,2AaEc7Wr
zJYZvs,OnlRL8OE
b12WLj,VQ0EFc6z
ouvgDg,c5c1IAb0
LHL1ft,NtzZQuKT
y6nTy6,rlPKLue5
UbOXk9,PRza5tKj
ikHvAc,sy8sSjMZ
bqBhJV,FadyaX0G
ctYFRv,ps3h2ba0
gH95YA,rl9YAmmB
FLqj6T,NzRIPjay
GWonRQ,de2lWoF4
cujad3,MAx4UK8v
Q2w1Y8,cepWFW2x
olYu3o,wyUqp236
oC1Dcq,DE1O9Eox
Iwbgr8,Ws6DbPUD
Nxfs1c,RNcNB4M5
T1EBTR,SwIO1lCi
fNaAqi,6HVRXhKE
iqemmh,D7DzGCgz
Yd9zuY,qRNBJjRD
S8uCaC,JageYOP6
UMFGMa,fmSDVjXS
3oCeza,tug0UUVQ
NDdobd,Zbehnogs
J9XMvk,oOxq3gcm
36W7B7,rrg82Ccl
PCl45I,jDkmtkbI
QyUlnr,IG0EIrIp
W9NsfD,oGFLRQ4S
w757dW,rYelkvfi
rJ082n,RwPWodso
mSduod,PzwFtIuY
Kln1gc,YKZ2ldGh
7n9qXA,JiN7ShZV
kzMZ2m,VybBa9xr
eOBowL,C2ZIm8Uy
SrjjDA,pv3wZdaM
h2hl0w,uBsysJP9
wr7ZGn,8EwC3SH3
5tSZxX,0w9jJXbN
y4t6Cc,ZpUbcH4z
7V3JJX,FYSNGjIf
vER04H,nAdJzRl7
Jku1Ug,zIkoZOiU
Hojsh6,WtC4Ktrs
jbKIFv,iBlMPmw8
KQa0E2,lmULAqwg
YdGiVO,Ggc9WQUW
FSG25V,c0pahjRs
iW0SRP,nGWEMZxW
zhTwoB,SB2Xa7fS
0nLl23,2bc567iB
fsd0OH,5X8Xe2KQ
UHsMhB,6sXNDRcz
hWxUdi,A5Lx2a3z
M6BsTc,raeViNbB
pQmbKx,49HYAU5H
kJNZH9,7Uh0nx3T
GYJb1A,REzUORIt
1nzK1i,vvqvHR30
1SVdMv,bdzdSUvp
2BaIh7,hQEyOI4o
ICFRxF,Zv1FLdxv
ISwN6E,dHb21gna
QJdvBk,mQAzutt3
gbB0b2,2OESCyPQ
HScTGh,NKLeQsNa
dXXD7r,qXJ6XII5
sTFjcE,bQtck8yW
0N5ac9,ynADe6gR
xxTIhe,l3PQBeJe
MG6YNt,DIME0xRJ
eDTWih,f9B19lpj
sXVOZG,X296K576
g72byS,JTGipAVr
cfXvPe,tQ05eO21
xglAWC,TnIZRYE4
ZGEw8C,w0xESJCc
6aFBRX,NXgn7IrF
IpCZhS,fsy0wO0b
DDbFyF,IKsPAPNx
uNHIVE,GpM2sPPV
3ho0yK,FArNL53T
UKhaKF,K80wRweD
XnZccY,ofFCchda
8RY5zc,rPEvH1oF
5rlPZ6,JgjvW5ha
QAOHBr,NnfKZcm9
gPcMYx,9I0LPZke
Z5LCCp,oxERnpVZ
M18hY3,rabPVJAQ
aIouHp,LPhW8mdB
afDSW2,9aGYh52k
jcFcrP,cl67oiEw
P7O5rE,hPrBfgVy
mSh2Pt,6I63xoyx
u5oswW,iu2yyrHH
xlTspw,0R43F1bc
JkkOV6,H5wbwxJ9
qa5aRH,s8GbC9WO
2b8KJT,yERgJkQF
y4dgD5,Ehel1shr
TasVQJ,41Iyd6W0
2BEPFN,S1ls7YRI
XFBv2e,11t3dmbQ
kC5Klf,LLfMQRzh
pwp5sN,u7Vdm16K
0NgzAp,tlFUqiY8
bF5rlg,mN2tOTMy
dG1gcJ,8fEjEbEF
1tSJkF,NQsHGwnl
4DHwxB,O740MavN
eQw0eI,GXPDCPX9
02EFr6,j5F0AA3h
cBkF86,YXendQeJ
csc6PT,cQ8BNjut
Gi88hM,snvPonjN
ewJm19,bHBwX9nd
Chd3rL,nDXQ2Osc
R36vae,4JxqwQ47
Vk2TH5,gclSQQdj
9mzq8I,2ENW25Rr
qZwBkm,8XNmDK3x
HBHqGw,f0ExRk5P
JJXbRu,YEmPn15W
BpYGE9,tf51qn0O
w08YhD,4pkC7cZW
FReG5u,OGGdLXrU
NMyag2,codatza1
S7VeGp,Mdj0dI4k
dECHNZ,D6XfjdL6
H03C45,6bpgwiGV
MbErSS,GY4vXd0Q
iRfU5W,ccxsZ0jd
wmbIej,rfcpYxK6
B2AUDL,XOevbdx8
wbiaqk,1Glli4V9
O8mx8v,tboWYwEA
eKbBXC,WXHj7QdY
hi7Rnu,fzUUxs4i
NbpaVm,cRawq5as
BIGbMF,cXdOSqTy
gKq7rV,kXEAkQfL
GJllrn,QUBgwkiq
rVkAox,iEfcvwbs
jtirWI,O7jKMJVh
nGZnav,aNI9qTwk
izfgKD,YEPMnqfg
U8ozpC,UO6lwQps
pZr9aa,6Vc6lGcc
UZYrKE,1inpRksx
VzbdkF,m9CKnLwC
bghYxR,6xz1rwpe
0AldJy,RYeZBzlq
pcI9mw,xg1pInBc
l28Chw,64AIgMan
C0kD5X,kk5iXFrP
rq5g5d,ZOu0bWhn
AfIffl,GkletRiB
BE439Z,zbjx9anp
rXaUoi,rJp22cox
oONsMF,GE0DC6Zd
561rt6,Hw9LKmwq
Y6HwJX,r8uCAa5l
BBDWET,5M0y9Ofb
TvJn7z,GDblBROU
K2D0Z2,DIiwITk3
jcJtCZ,idsXuIQ5
8AI94r,kb9DswRy
4XYs4g,hM8ZXO1f
kl7eO4,z5iL1OjU
Sq4oGZ,ys46Q48G
IrdoHR,e86qeD6w
4YvLFQ,dGo5sm90
54Tl27,B7aKFaed
fdgf2h,9pAJA5fI
ckTmf4,Hq7HWnos
lNOvxT,Llbhi79Y
eAQ9aX,K7yl5QuE
XOvb6d,2u66aRwR
jX43BE,PeSnRADY
CBIbmo,y3fD8Ybl
ancm4s,bcWQqUNo
uEDr7I,6EGRnbJa
WJ7pjE,E7YCddfN
s1htIz,MLbDqk06
ElkYze,ZuR9wzft
zBk3Jl,5Qidot0O
hu1x4X,Djhe71NX
0V69Sb,xdY2CsjI
9Um4Dr,nTWv1fO3
beKeAJ,9STjHNhU
gabf9o,NgPPYPH5
6YLwOS,dpevtCA0
5tGDzd,sMzKQcSA
EcZBzG,EeeFRBoO
2Rtnee,b0piC3Ze
3mvQKt,GUwpT2zO
hcyL8m,4CQSfzbr
xwHfyY,srYSFpHA
hhzYbD,heiZn9Ed
cvqAVU,iIetEdtl
fDheh9,vPZrkfnD
5YIe2n,0F4cC5Hn
o0kQVN,BmuAP7O1
to3uyx,QrG72kGz
7pC4vj,XSZNDfn8
5ZXwZd,6LfVLrvh
Oc8yeo,bnxTl5ON
Q55C0m,hxhrTHSn
QIH5Kj,4DBuZ0tB
kU84Gw,paD1yYIK
re4c23,omNkTG4K
VVz7gM,MLhaPbqw
9dbZ74,Nqb2dFfA
f4SQvW,j1Me8F6d
PHcShu,xnUaT863
twoeou,reWbie2s
HRaAvy,d5CmqIt6
I9hBoA,yBXTIn39
UGHSLF,WidQghZU
vMnaz1,3jHwNUnZ
mYeTTd,ar4U7Aqw
eIO8vT,2uAg464J
ShwfJy,HzbL0344
nyfUii,ZMsyVQpO
pUxo31,hTmbGypY
GxF2O1,lAiw1Qx8
FHSs2d,ygDYMXG0
XEcrgC,xkZdq0qv
ddMvjv,Fkam9rb4
hiDedm,GEaZBEEW
dsrpFJ,5brNYNnK
qFkHYw,e1kFWpRW
jzMXDo,1jH6t86D
PygXZs,OwVwc0J4
Wb2CHw,VGdXRvQo
eO6g6D,oI9NIxPv
Wyqws7,3R3xHJXH
p8SFZJ,v8K6ENki
4f2kiG,QrpYW7dw
jXbTVz,UdJlMRmG
NMckn4,oeINaDuy
frL5A1,lgGrL1KN
ziksb8,EdxDQ9JL
YoGRjV,SMuOlghd
rRtAgt,eqEtVJGT
eLmnS4,E61rfdNf
kWF6EJ,zJ8pZ8oU
cC7BmI,boGVFKk4
EnQW4X,hA1Bmryr
5s2Rfv,1XY8JU0y
9XU2Hz,37PYhhPB
ruwXWc,iH9N4s5y
oRoGuE,b9fo5Gh4
qJ3ARD,vqDsShew
C757xC,fwUIU9OF
NysP0d,mQ3OyS4S
EofyRr,BnBgVDYR
kOjtNA,aQeUutrs
yXxrYH,pg0TNnSg
gZwZo1,bevozBM5
sGqUym,SSp995TI
7wrius,gTqLQcg8
jxcwyb,oJaFUxvj
P2HE2p,Csud8TeW
mfxdTr,lvj7ne05
j578ao,877GJ929
fK2sB6,J0PhAXFp
S3gBZ4,CS4LT9gV
Nooyra,mfhsHghG
Okle5S,IQPSebBO
W2oUBW,7jrVrcPd
0Z9xQ6,cHDzPw6R
JTu9cl,7wEQx9q0
hKzviO,ikGUqoOJ
NwKJHH,04wOCJkh
YpFJKp,6JJnIJfr
j0qnVU,uK7hLat0
KaNCgW,5zGbI9ih
QHsezS,zhr7Chcl
Jw2ccA,qwqEGjNT
alypGV,zksZdd2A
3ksm96,owdtRMre
cM23f4,Gpp5zekf
0TsTLi,Fu6E2eP4
gVHzd9,L9jzBst9
3usrWp,UqdLwwGA
vrae36,Rw0sanRy
CzeHuh,1MNlcRPx
7Liknv,Sl4JJcxd
tK0Zyh,ipsrV6f5
15Edow,yQhDi4Ma
qjOseD,PbZHBQHT
J0FouD,Bq5de4if
