Email,Password,AccessCode
iOS_8901695799325577@maildrop.cc,Test_1234,MjE1Nzk0MjY5
iOS_8651695799325061@maildrop.cc,Test_1234,MjE1Nzk0Mjcw
iOS_5051695799338558@maildrop.cc,Test_1234,MjE1Nzk0Mjcx
iOS_1451695799341805@maildrop.cc,Test_1234,MjE1Nzk0Mjcy
iOS_3611695799355758@maildrop.cc,Test_1234,MjE1Nzk0Mjcz
iOS_3471695799358271@maildrop.cc,Test_1234,MjE1Nzk0Mjc0
iOS_6661695799372792@maildrop.cc,Test_1234,MjE1Nzk0Mjc1
iOS_81695799375738@maildrop.cc,Test_1234,MjE1Nzk0Mjc2
iOS_6111695799387493@maildrop.cc,Test_1234,MjE1Nzk0Mjc3
iOS_5841695799391581@maildrop.cc,Test_1234,MjE1Nzk0Mjc4
iOS_9841695799405590@maildrop.cc,Test_1234,MjE1Nzk0Mjc5
iOS_421695799408918@maildrop.cc,Test_1234,MjE1Nzk0Mjgw
iOS_2081695799419768@maildrop.cc,Test_1234,MjE1Nzk0Mjgx
iOS_9791695799424858@maildrop.cc,Test_1234,MjE1Nzk0Mjgy
iOS_3991695799436063@maildrop.cc,Test_1234,MjE1Nzk0Mjgz
