Email Id,password,AccessCode
iOS_7861698317621650@maildrop.cc,Test_1234,MjE1Nzk0MjMz
iOS_1031698317633699@maildrop.cc,Test_1234,MjE1Nzk0MjE4
iOS_6761698317635413@maildrop.cc,Test_1234,MjE1Nzk0MjE5
iOS_01698317696775@maildrop.cc,Test_1234,MjE1Nzk0MjI3
iOS_4131698317749672@maildrop.cc,Test_1234,MjE1Nzk0MjQy
iOS_7481698317755298@maildrop.cc,Test_1234,MjE1Nzk0MjQz
iOS_8691698317766518@maildrop.cc,Test_1234,MjE1Nzk0MjIx
iOS_91698317766461@maildrop.cc,Test_1234,MjE1Nzk0MjI2
iOS_6411698317799247@maildrop.cc,Test_1234,MjE1Nzk0MjI1
iOS_4821698317797397@maildrop.cc,Test_1234,MjE1Nzk0MjI0
iOS_1771698317812365@maildrop.cc,Test_1234,MjE1Nzk0MjQ4
iOS_9261698317847152@maildrop.cc,Test_1234,MjE1Nzk0MjI4
iOS_5551698317838644@maildrop.cc,Test_1234,MjE1Nzk0MjI5
iOS_791698317859032@maildrop.cc,Test_1234,MjE1Nzk0MjMw
iOS_4861698317901053@maildrop.cc,Test_1234,MjE1Nzk0MjMx
