iOS_1901700041994419@maildrop.cc,e93d52cc-c58c-465f-8a55-6cda5d3ea3e0,https://site-mkt-stage.artbasel.com/access?action=activationps&email=ios_1901700041994419%40maildrop.cc&token=e93d52cc-c58c-465f-8a55-6cda5d3ea3e0
iOS_3311700042003962@maildrop.cc,bf8d6fa0-96d0-4270-9bfb-ef1608d8506b,https://site-mkt-stage.artbasel.com/access?action=activationps&email=ios_3311700042003962%40maildrop.cc&token=bf8d6fa0-96d0-4270-9bfb-ef1608d8506b
iOS_7271700042016035@maildrop.cc,da1b91f5-110b-4415-a7f2-9ecc6e0033e1,https://site-mkt-stage.artbasel.com/access?action=activationps&email=ios_7271700042016035%40maildrop.cc&token=da1b91f5-110b-4415-a7f2-9ecc6e0033e1
iOS_4651700042062944@maildrop.cc,da0cefcb-6070-41f8-97fd-ec27d3489663,https://site-mkt-stage.artbasel.com/access?action=activationps&email=ios_4651700042062944%40maildrop.cc&token=da0cefcb-6070-41f8-97fd-ec27d3489663
iOS_5351700042073274@maildrop.cc,0e62dae7-b7e3-44c8-86f2-9d7101465642,https://site-mkt-stage.artbasel.com/access?action=activationps&email=ios_5351700042073274%40maildrop.cc&token=0e62dae7-b7e3-44c8-86f2-9d7101465642
iOS_6871700042107245@maildrop.cc,b455f306-1cdc-43ea-bb38-121a07278ef3,https://site-mkt-stage.artbasel.com/access?action=activationps&email=ios_6871700042107245%40maildrop.cc&token=b455f306-1cdc-43ea-bb38-121a07278ef3
iOS_8301700042118773@maildrop.cc,ab484603-8136-41f5-b1e1-7dc1c5d8598f,https://site-mkt-stage.artbasel.com/access?action=activationps&email=ios_8301700042118773%40maildrop.cc&token=ab484603-8136-41f5-b1e1-7dc1c5d8598f
iOS_9511700042130556@maildrop.cc,0e14c384-a863-4c5a-b964-208d5a6fd7a1,https://site-mkt-stage.artbasel.com/access?action=activationps&email=ios_9511700042130556%40maildrop.cc&token=0e14c384-a863-4c5a-b964-208d5a6fd7a1
iOS_5341700042142941@maildrop.cc,993e0dee-0e52-49c4-abc5-3adae3ac1dac,https://site-mkt-stage.artbasel.com/access?action=activationps&email=ios_5341700042142941%40maildrop.cc&token=993e0dee-0e52-49c4-abc5-3adae3ac1dac
iOS_481700042152657@maildrop.cc,9fa05f17-331d-425e-a55c-ed97edc0d9ba,https://site-mkt-stage.artbasel.com/access?action=activationps&email=ios_481700042152657%40maildrop.cc&token=9fa05f17-331d-425e-a55c-ed97edc0d9ba
iOS_6911700042165131@maildrop.cc,68d19087-855b-46df-9789-18b71492bdb9,https://site-mkt-stage.artbasel.com/access?action=activationps&email=ios_6911700042165131%40maildrop.cc&token=68d19087-855b-46df-9789-18b71492bdb9
iOS_7281700042181464@maildrop.cc,1301f750-926c-47f6-8b15-ebaf16cd8c32,https://site-mkt-stage.artbasel.com/access?action=activationps&email=ios_7281700042181464%40maildrop.cc&token=1301f750-926c-47f6-8b15-ebaf16cd8c32
iOS_9971700042198039@maildrop.cc,c5d0155e-9d1f-4d3a-b886-b63f57a8da01,https://site-mkt-stage.artbasel.com/access?action=activationps&email=ios_9971700042198039%40maildrop.cc&token=c5d0155e-9d1f-4d3a-b886-b63f57a8da01
iOS_8111700042211160@maildrop.cc,1926e3e0-da5f-4532-aa04-0c6a0151fde9,https://site-mkt-stage.artbasel.com/access?action=activationps&email=ios_8111700042211160%40maildrop.cc&token=1926e3e0-da5f-4532-aa04-0c6a0151fde9
iOS_4191700042225369@maildrop.cc,5aa83bdc-2274-491e-98c2-b83174e4b678,https://site-mkt-stage.artbasel.com/access?action=activationps&email=ios_4191700042225369%40maildrop.cc&token=5aa83bdc-2274-491e-98c2-b83174e4b678
iOS_9641700042238049@maildrop.cc,3ca42053-c4b5-426b-bf0c-4b9d112276a2,https://site-mkt-stage.artbasel.com/access?action=activationps&email=ios_9641700042238049%40maildrop.cc&token=3ca42053-c4b5-426b-bf0c-4b9d112276a2
iOS_8111700042251266@maildrop.cc,0bf483cc-2ada-4898-8e81-29bbf1541fff,https://site-mkt-stage.artbasel.com/access?action=activationps&email=ios_8111700042251266%40maildrop.cc&token=0bf483cc-2ada-4898-8e81-29bbf1541fff
iOS_2801700042265347@maildrop.cc,32f3b590-d602-4b13-8f3b-0895df0db1d6,https://site-mkt-stage.artbasel.com/access?action=activationps&email=ios_2801700042265347%40maildrop.cc&token=32f3b590-d602-4b13-8f3b-0895df0db1d6
iOS_2801700042277256@maildrop.cc,3d4ae3bd-238c-4c3a-a31c-25612d27555f,https://site-mkt-stage.artbasel.com/access?action=activationps&email=ios_2801700042277256%40maildrop.cc&token=3d4ae3bd-238c-4c3a-a31c-25612d27555f
iOS_2941700042288251@maildrop.cc,809ffce0-4396-4553-b028-1154426ee392,https://site-mkt-stage.artbasel.com/access?action=activationps&email=ios_2941700042288251%40maildrop.cc&token=809ffce0-4396-4553-b028-1154426ee392
iOS_1281700042313043@maildrop.cc,efa90874-ac7f-4a11-bb93-c3bd51067ad2,https://site-mkt-stage.artbasel.com/access?action=activationps&email=ios_1281700042313043%40maildrop.cc&token=efa90874-ac7f-4a11-bb93-c3bd51067ad2
iOS_1511700042325120@maildrop.cc,c7ca6a94-4d13-4f23-90dc-4699b5be4678,https://site-mkt-stage.artbasel.com/access?action=activationps&email=ios_1511700042325120%40maildrop.cc&token=c7ca6a94-4d13-4f23-90dc-4699b5be4678
iOS_8881700042335469@maildrop.cc,e9c13ba0-5797-41f9-9d12-8b3f074790a7,https://site-mkt-stage.artbasel.com/access?action=activationps&email=ios_8881700042335469%40maildrop.cc&token=e9c13ba0-5797-41f9-9d12-8b3f074790a7
iOS_6051700042349488@maildrop.cc,632fd333-51e6-4211-b0f1-bc34c53704ae,https://site-mkt-stage.artbasel.com/access?action=activationps&email=ios_6051700042349488%40maildrop.cc&token=632fd333-51e6-4211-b0f1-bc34c53704ae
iOS_1981700042384305@maildrop.cc,023d26b6-813f-4bbc-93a2-9daddf9b66b0,https://site-mkt-stage.artbasel.com/access?action=activationps&email=ios_1981700042384305%40maildrop.cc&token=023d26b6-813f-4bbc-93a2-9daddf9b66b0
iOS_6891700042397891@maildrop.cc,7230b579-2f7c-4758-9f06-59f5f19a463f,https://site-mkt-stage.artbasel.com/access?action=activationps&email=ios_6891700042397891%40maildrop.cc&token=7230b579-2f7c-4758-9f06-59f5f19a463f
iOS_301700042419905@maildrop.cc,275795d1-134d-4b0d-b66c-5ebeacf1238e,https://site-mkt-stage.artbasel.com/access?action=activationps&email=ios_301700042419905%40maildrop.cc&token=275795d1-134d-4b0d-b66c-5ebeacf1238e
iOS_7311700042433418@maildrop.cc,ec4dfa6c-2322-4a59-afce-fb5f853ba93a,https://site-mkt-stage.artbasel.com/access?action=activationps&email=ios_7311700042433418%40maildrop.cc&token=ec4dfa6c-2322-4a59-afce-fb5f853ba93a
iOS_1461700042458910@maildrop.cc,0d83b5f7-7496-4581-866c-16581efa2a29,https://site-mkt-stage.artbasel.com/access?action=activationps&email=ios_1461700042458910%40maildrop.cc&token=0d83b5f7-7496-4581-866c-16581efa2a29
iOS_2751700042469808@maildrop.cc,904d7e1e-d2cc-4c3b-a603-7877081fea28,https://site-mkt-stage.artbasel.com/access?action=activationps&email=ios_2751700042469808%40maildrop.cc&token=904d7e1e-d2cc-4c3b-a603-7877081fea28
iOS_7291700042482725@maildrop.cc,0a37eab9-3acc-458e-b153-e8bead10fe02,https://site-mkt-stage.artbasel.com/access?action=activationps&email=ios_7291700042482725%40maildrop.cc&token=0a37eab9-3acc-458e-b153-e8bead10fe02
iOS_4381700042496375@maildrop.cc,4bf85eca-6e0e-4a1c-8526-815cb47e3b23,https://site-mkt-stage.artbasel.com/access?action=activationps&email=ios_4381700042496375%40maildrop.cc&token=4bf85eca-6e0e-4a1c-8526-815cb47e3b23
iOS_1971700042505872@maildrop.cc,104d6134-13d9-415a-bdcf-12acfb29b057,https://site-mkt-stage.artbasel.com/access?action=activationps&email=ios_1971700042505872%40maildrop.cc&token=104d6134-13d9-415a-bdcf-12acfb29b057
iOS_5031700042517665@maildrop.cc,f8313301-a867-4443-8eb1-97bf562b057b,https://site-mkt-stage.artbasel.com/access?action=activationps&email=ios_5031700042517665%40maildrop.cc&token=f8313301-a867-4443-8eb1-97bf562b057b
iOS_6871700042538665@maildrop.cc,531b38fb-78a6-44bf-b762-39b407720b5d,https://site-mkt-stage.artbasel.com/access?action=activationps&email=ios_6871700042538665%40maildrop.cc&token=531b38fb-78a6-44bf-b762-39b407720b5d
iOS_5561700042548799@maildrop.cc,fb775e9c-345a-4f6a-b342-992046babda6,https://site-mkt-stage.artbasel.com/access?action=activationps&email=ios_5561700042548799%40maildrop.cc&token=fb775e9c-345a-4f6a-b342-992046babda6
iOS_2641700042641943@maildrop.cc,0f6aebad-1357-4723-8525-239cd5baa227,https://site-mkt-stage.artbasel.com/access?action=activationps&email=ios_2641700042641943%40maildrop.cc&token=0f6aebad-1357-4723-8525-239cd5baa227
iOS_8441700042679783@maildrop.cc,a87dd60b-3fca-4903-b87f-b297fa83811d,https://site-mkt-stage.artbasel.com/access?action=activationps&email=ios_8441700042679783%40maildrop.cc&token=a87dd60b-3fca-4903-b87f-b297fa83811d
iOS_8781700042694066@maildrop.cc,b512a331-54d3-4714-ad28-a173409b79b2,https://site-mkt-stage.artbasel.com/access?action=activationps&email=ios_8781700042694066%40maildrop.cc&token=b512a331-54d3-4714-ad28-a173409b79b2
iOS_6191700042705156@maildrop.cc,51c3015b-0d16-4c79-9f3e-4beb76d41420,https://site-mkt-stage.artbasel.com/access?action=activationps&email=ios_6191700042705156%40maildrop.cc&token=51c3015b-0d16-4c79-9f3e-4beb76d41420
iOS_7601700042718367@maildrop.cc,63dba118-804a-4f96-a376-5f603900a651,https://site-mkt-stage.artbasel.com/access?action=activationps&email=ios_7601700042718367%40maildrop.cc&token=63dba118-804a-4f96-a376-5f603900a651
iOS_781700042731002@maildrop.cc,5c55380a-e313-49d1-82cd-8002fe220fb0,https://site-mkt-stage.artbasel.com/access?action=activationps&email=ios_781700042731002%40maildrop.cc&token=5c55380a-e313-49d1-82cd-8002fe220fb0
iOS_4271700042743488@maildrop.cc,b21a60a3-212c-4295-9ec0-965bc8c10e97,https://site-mkt-stage.artbasel.com/access?action=activationps&email=ios_4271700042743488%40maildrop.cc&token=b21a60a3-212c-4295-9ec0-965bc8c10e97
iOS_8311700042755623@maildrop.cc,517f464d-e970-4d75-a21a-d65c4efacf2e,https://site-mkt-stage.artbasel.com/access?action=activationps&email=ios_8311700042755623%40maildrop.cc&token=517f464d-e970-4d75-a21a-d65c4efacf2e
iOS_2611700042767683@maildrop.cc,f87bcac9-8b76-4e3d-817e-171f942059e3,https://site-mkt-stage.artbasel.com/access?action=activationps&email=ios_2611700042767683%40maildrop.cc&token=f87bcac9-8b76-4e3d-817e-171f942059e3
iOS_4061700042781005@maildrop.cc,21538fe6-2641-4e9d-91ee-a87f8b34fb48,https://site-mkt-stage.artbasel.com/access?action=activationps&email=ios_4061700042781005%40maildrop.cc&token=21538fe6-2641-4e9d-91ee-a87f8b34fb48
iOS_4531700042792320@maildrop.cc,18f0f384-c21c-4127-bcf3-4d76fd776ab2,https://site-mkt-stage.artbasel.com/access?action=activationps&email=ios_4531700042792320%40maildrop.cc&token=18f0f384-c21c-4127-bcf3-4d76fd776ab2
iOS_8061700042815699@maildrop.cc,dc28c6b9-9a20-4119-bee5-92aee44e644a,https://site-mkt-stage.artbasel.com/access?action=activationps&email=ios_8061700042815699%40maildrop.cc&token=dc28c6b9-9a20-4119-bee5-92aee44e644a
iOS_3471700042828691@maildrop.cc,18f3b664-b2e3-4959-92e7-3f60fa86d9dc,https://site-mkt-stage.artbasel.com/access?action=activationps&email=ios_3471700042828691%40maildrop.cc&token=18f3b664-b2e3-4959-92e7-3f60fa86d9dc
iOS_5471700042837982@maildrop.cc,3ca0e437-e2ac-4afb-b925-cbf39f8de551,https://site-mkt-stage.artbasel.com/access?action=activationps&email=ios_5471700042837982%40maildrop.cc&token=3ca0e437-e2ac-4afb-b925-cbf39f8de551
iOS_2321700042850269@maildrop.cc,3786338e-5ca6-48ff-a382-2b6234d54e02,https://site-mkt-stage.artbasel.com/access?action=activationps&email=ios_2321700042850269%40maildrop.cc&token=3786338e-5ca6-48ff-a382-2b6234d54e02
iOS_491700042861899@maildrop.cc,0d6971b3-c289-4d96-9f90-c1f17fbbbe8d,https://site-mkt-stage.artbasel.com/access?action=activationps&email=ios_491700042861899%40maildrop.cc&token=0d6971b3-c289-4d96-9f90-c1f17fbbbe8d
iOS_1501700042873942@maildrop.cc,f39a3c8f-b165-4b14-a056-41e1396900c8,https://site-mkt-stage.artbasel.com/access?action=activationps&email=ios_1501700042873942%40maildrop.cc&token=f39a3c8f-b165-4b14-a056-41e1396900c8
iOS_9151700042886529@maildrop.cc,245101c8-957e-45ed-9ca8-970d61da9af8,https://site-mkt-stage.artbasel.com/access?action=activationps&email=ios_9151700042886529%40maildrop.cc&token=245101c8-957e-45ed-9ca8-970d61da9af8
iOS_3201700042908846@maildrop.cc,1581cee8-212d-4e34-956c-565fc153b579,https://site-mkt-stage.artbasel.com/access?action=activationps&email=ios_3201700042908846%40maildrop.cc&token=1581cee8-212d-4e34-956c-565fc153b579
iOS_6401700042921690@maildrop.cc,62a1a3e7-f27b-4e45-8866-af215fdc9900,https://site-mkt-stage.artbasel.com/access?action=activationps&email=ios_6401700042921690%40maildrop.cc&token=62a1a3e7-f27b-4e45-8866-af215fdc9900
iOS_4541700042935255@maildrop.cc,b11ada4d-2d11-49cd-919d-beaa97a9e933,https://site-mkt-stage.artbasel.com/access?action=activationps&email=ios_4541700042935255%40maildrop.cc&token=b11ada4d-2d11-49cd-919d-beaa97a9e933
iOS_3941700042949725@maildrop.cc,42489f9f-a228-4684-bc5f-0541019b12ae,https://site-mkt-stage.artbasel.com/access?action=activationps&email=ios_3941700042949725%40maildrop.cc&token=42489f9f-a228-4684-bc5f-0541019b12ae
iOS_4651700043005436@maildrop.cc,a628cbe7-7e82-410e-906a-a1585daabf60,https://site-mkt-stage.artbasel.com/access?action=activationps&email=ios_4651700043005436%40maildrop.cc&token=a628cbe7-7e82-410e-906a-a1585daabf60
iOS_2921700043019699@maildrop.cc,3750595e-d094-436a-b3d0-217df41b5277,https://site-mkt-stage.artbasel.com/access?action=activationps&email=ios_2921700043019699%40maildrop.cc&token=3750595e-d094-436a-b3d0-217df41b5277
iOS_3811700043032684@maildrop.cc,ac1e32af-36c3-4c0e-b1f6-cfffdeeaff74,https://site-mkt-stage.artbasel.com/access?action=activationps&email=ios_3811700043032684%40maildrop.cc&token=ac1e32af-36c3-4c0e-b1f6-cfffdeeaff74
iOS_6161700043043794@maildrop.cc,8c15a3ba-ae1b-401c-9d63-c7f8f26d53df,https://site-mkt-stage.artbasel.com/access?action=activationps&email=ios_6161700043043794%40maildrop.cc&token=8c15a3ba-ae1b-401c-9d63-c7f8f26d53df
iOS_8201700043066724@maildrop.cc,7921c546-1345-4422-9529-c1e274f68fba,https://site-mkt-stage.artbasel.com/access?action=activationps&email=ios_8201700043066724%40maildrop.cc&token=7921c546-1345-4422-9529-c1e274f68fba
iOS_6511700043080253@maildrop.cc,4ffe0d39-eef5-42b1-9c74-8cf379122ef1,https://site-mkt-stage.artbasel.com/access?action=activationps&email=ios_6511700043080253%40maildrop.cc&token=4ffe0d39-eef5-42b1-9c74-8cf379122ef1
iOS_7431700043093027@maildrop.cc,6a6e2c92-f587-4dfa-9fcc-47f7cd2758bb,https://site-mkt-stage.artbasel.com/access?action=activationps&email=ios_7431700043093027%40maildrop.cc&token=6a6e2c92-f587-4dfa-9fcc-47f7cd2758bb
iOS_5741700043107527@maildrop.cc,4569faf1-c9d5-44b3-8ba6-22f80ba8accf,https://site-mkt-stage.artbasel.com/access?action=activationps&email=ios_5741700043107527%40maildrop.cc&token=4569faf1-c9d5-44b3-8ba6-22f80ba8accf
iOS_1421700043117264@maildrop.cc,c78dde10-ae98-4953-ba3c-51367a43959a,https://site-mkt-stage.artbasel.com/access?action=activationps&email=ios_1421700043117264%40maildrop.cc&token=c78dde10-ae98-4953-ba3c-51367a43959a
iOS_6411700043145796@maildrop.cc,cfdca0ca-846a-4bc0-9f9b-49e8c7ba26d2,https://site-mkt-stage.artbasel.com/access?action=activationps&email=ios_6411700043145796%40maildrop.cc&token=cfdca0ca-846a-4bc0-9f9b-49e8c7ba26d2
iOS_8961700043157465@maildrop.cc,31e2bb5e-e313-469f-80fd-0bd353f62f40,https://site-mkt-stage.artbasel.com/access?action=activationps&email=ios_8961700043157465%40maildrop.cc&token=31e2bb5e-e313-469f-80fd-0bd353f62f40
iOS_1281700043168494@maildrop.cc,0730a6aa-9469-4e8e-8408-2bf8c597d0e1,https://site-mkt-stage.artbasel.com/access?action=activationps&email=ios_1281700043168494%40maildrop.cc&token=0730a6aa-9469-4e8e-8408-2bf8c597d0e1
iOS_8541700043179362@maildrop.cc,34c2ed48-f07f-4844-b88c-90e1a7c1a28d,https://site-mkt-stage.artbasel.com/access?action=activationps&email=ios_8541700043179362%40maildrop.cc&token=34c2ed48-f07f-4844-b88c-90e1a7c1a28d
iOS_4781700043189700@maildrop.cc,4d0359db-9cbc-4292-9bee-74bfca404d5c,https://site-mkt-stage.artbasel.com/access?action=activationps&email=ios_4781700043189700%40maildrop.cc&token=4d0359db-9cbc-4292-9bee-74bfca404d5c
iOS_7921700043216653@maildrop.cc,423b8da9-3559-43ed-b65d-1a79ac3d5d21,https://site-mkt-stage.artbasel.com/access?action=activationps&email=ios_7921700043216653%40maildrop.cc&token=423b8da9-3559-43ed-b65d-1a79ac3d5d21
iOS_7741700043274983@maildrop.cc,94465ce0-4b05-401d-8ac6-68dfec45f613,https://site-mkt-stage.artbasel.com/access?action=activationps&email=ios_7741700043274983%40maildrop.cc&token=94465ce0-4b05-401d-8ac6-68dfec45f613
iOS_7121700043285960@maildrop.cc,6710f284-369d-444d-b24d-a4658cb93b18,https://site-mkt-stage.artbasel.com/access?action=activationps&email=ios_7121700043285960%40maildrop.cc&token=6710f284-369d-444d-b24d-a4658cb93b18
iOS_6831700043296501@maildrop.cc,2b03e619-74dd-406f-bc85-76034d07d0b4,https://site-mkt-stage.artbasel.com/access?action=activationps&email=ios_6831700043296501%40maildrop.cc&token=2b03e619-74dd-406f-bc85-76034d07d0b4
iOS_5531700043318545@maildrop.cc,9c000b27-fcdb-4aae-a7ac-4545e81e4d42,https://site-mkt-stage.artbasel.com/access?action=activationps&email=ios_5531700043318545%40maildrop.cc&token=9c000b27-fcdb-4aae-a7ac-4545e81e4d42
iOS_1991700043332585@maildrop.cc,35a0afe5-da41-468b-a9be-64fb445d8304,https://site-mkt-stage.artbasel.com/access?action=activationps&email=ios_1991700043332585%40maildrop.cc&token=35a0afe5-da41-468b-a9be-64fb445d8304
iOS_4781700043368118@maildrop.cc,eece9169-e42b-47af-9714-580745c28140,https://site-mkt-stage.artbasel.com/access?action=activationps&email=ios_4781700043368118%40maildrop.cc&token=eece9169-e42b-47af-9714-580745c28140
iOS_701700043379729@maildrop.cc,ebc74339-72e5-4c96-8e71-bbaf123587ca,https://site-mkt-stage.artbasel.com/access?action=activationps&email=ios_701700043379729%40maildrop.cc&token=ebc74339-72e5-4c96-8e71-bbaf123587ca
iOS_6811700043393518@maildrop.cc,01650563-b664-43fb-b6f2-19990ceb1134,https://site-mkt-stage.artbasel.com/access?action=activationps&email=ios_6811700043393518%40maildrop.cc&token=01650563-b664-43fb-b6f2-19990ceb1134
iOS_3411700043404840@maildrop.cc,7efc3229-fde7-44f3-8b77-62a4b25d3c4c,https://site-mkt-stage.artbasel.com/access?action=activationps&email=ios_3411700043404840%40maildrop.cc&token=7efc3229-fde7-44f3-8b77-62a4b25d3c4c
iOS_6111700043418851@maildrop.cc,1fa33804-abfd-44d0-a9a2-32188a2948a3,https://site-mkt-stage.artbasel.com/access?action=activationps&email=ios_6111700043418851%40maildrop.cc&token=1fa33804-abfd-44d0-a9a2-32188a2948a3
iOS_6051700043431280@maildrop.cc,c87b3022-4862-4a74-ab46-9b792b22f0e9,https://site-mkt-stage.artbasel.com/access?action=activationps&email=ios_6051700043431280%40maildrop.cc&token=c87b3022-4862-4a74-ab46-9b792b22f0e9
iOS_2541700043445374@maildrop.cc,cbf01d92-b505-46d2-b346-015df37b6204,https://site-mkt-stage.artbasel.com/access?action=activationps&email=ios_2541700043445374%40maildrop.cc&token=cbf01d92-b505-46d2-b346-015df37b6204
iOS_8581700043468475@maildrop.cc,9cdcc114-d34a-4e5f-a692-411bd81a27e4,https://site-mkt-stage.artbasel.com/access?action=activationps&email=ios_8581700043468475%40maildrop.cc&token=9cdcc114-d34a-4e5f-a692-411bd81a27e4
iOS_5421700043493311@maildrop.cc,23043f68-e2c9-42ff-b065-3ba778f70568,https://site-mkt-stage.artbasel.com/access?action=activationps&email=ios_5421700043493311%40maildrop.cc&token=23043f68-e2c9-42ff-b065-3ba778f70568
iOS_31700043505098@maildrop.cc,0b5d4364-da44-4f62-8c62-a8a130e01792,https://site-mkt-stage.artbasel.com/access?action=activationps&email=ios_31700043505098%40maildrop.cc&token=0b5d4364-da44-4f62-8c62-a8a130e01792
iOS_6231700043519649@maildrop.cc,9765d76f-e74e-43c9-8f46-130ddbdbc2ce,https://site-mkt-stage.artbasel.com/access?action=activationps&email=ios_6231700043519649%40maildrop.cc&token=9765d76f-e74e-43c9-8f46-130ddbdbc2ce
iOS_8401700043535247@maildrop.cc,8a16e338-5a8a-44b1-a65b-2056b8255dfa,https://site-mkt-stage.artbasel.com/access?action=activationps&email=ios_8401700043535247%40maildrop.cc&token=8a16e338-5a8a-44b1-a65b-2056b8255dfa
iOS_6731700043561338@maildrop.cc,15fe314e-9d66-4ed5-9ebf-9e27212be03a,https://site-mkt-stage.artbasel.com/access?action=activationps&email=ios_6731700043561338%40maildrop.cc&token=15fe314e-9d66-4ed5-9ebf-9e27212be03a
iOS_7781700043574729@maildrop.cc,b7ffbcd4-b5e1-40a7-875a-b0e4c9a52e9f,https://site-mkt-stage.artbasel.com/access?action=activationps&email=ios_7781700043574729%40maildrop.cc&token=b7ffbcd4-b5e1-40a7-875a-b0e4c9a52e9f
iOS_2971700043589956@maildrop.cc,a9a6a4ec-2e39-4d12-8a4a-a049ba484557,https://site-mkt-stage.artbasel.com/access?action=activationps&email=ios_2971700043589956%40maildrop.cc&token=a9a6a4ec-2e39-4d12-8a4a-a049ba484557
iOS_3961700043604181@maildrop.cc,a7d4a2fc-21dd-47c7-bfb5-187c9d2abe4d,https://site-mkt-stage.artbasel.com/access?action=activationps&email=ios_3961700043604181%40maildrop.cc&token=a7d4a2fc-21dd-47c7-bfb5-187c9d2abe4d
iOS_9201700043614928@maildrop.cc,01140e8a-8e21-48e8-aab6-3ac36b529d8d,https://site-mkt-stage.artbasel.com/access?action=activationps&email=ios_9201700043614928%40maildrop.cc&token=01140e8a-8e21-48e8-aab6-3ac36b529d8d
iOS_3351700043628063@maildrop.cc,50f89f29-dd92-4658-af3c-87a5547e6a89,https://site-mkt-stage.artbasel.com/access?action=activationps&email=ios_3351700043628063%40maildrop.cc&token=50f89f29-dd92-4658-af3c-87a5547e6a89
iOS_4691700043648881@maildrop.cc,648bd063-8df9-490d-99a4-b0d1be24e550,https://site-mkt-stage.artbasel.com/access?action=activationps&email=ios_4691700043648881%40maildrop.cc&token=648bd063-8df9-490d-99a4-b0d1be24e550
iOS_6791700043663614@maildrop.cc,340503cf-3450-4b83-9b6e-e62fab1c530f,https://site-mkt-stage.artbasel.com/access?action=activationps&email=ios_6791700043663614%40maildrop.cc&token=340503cf-3450-4b83-9b6e-e62fab1c530f
iOS_5751700043677133@maildrop.cc,8363c805-4c66-4eeb-92cc-ad6eeec2b908,https://site-mkt-stage.artbasel.com/access?action=activationps&email=ios_5751700043677133%40maildrop.cc&token=8363c805-4c66-4eeb-92cc-ad6eeec2b908
iOS_5381700043686907@maildrop.cc,841fdc66-0ecb-4c31-a17e-f0a76cea7045,https://site-mkt-stage.artbasel.com/access?action=activationps&email=ios_5381700043686907%40maildrop.cc&token=841fdc66-0ecb-4c31-a17e-f0a76cea7045
iOS_1371700043699047@maildrop.cc,bdb65da7-8b4d-4d30-b581-1f6c4d617e44,https://site-mkt-stage.artbasel.com/access?action=activationps&email=ios_1371700043699047%40maildrop.cc&token=bdb65da7-8b4d-4d30-b581-1f6c4d617e44
iOS_1791700043724205@maildrop.cc,8d8f6f3f-35f3-446a-924c-fdcba07e739a,https://site-mkt-stage.artbasel.com/access?action=activationps&email=ios_1791700043724205%40maildrop.cc&token=8d8f6f3f-35f3-446a-924c-fdcba07e739a
iOS_4201700043734120@maildrop.cc,c1d73e38-749d-4323-b002-7af7927b1c58,https://site-mkt-stage.artbasel.com/access?action=activationps&email=ios_4201700043734120%40maildrop.cc&token=c1d73e38-749d-4323-b002-7af7927b1c58
iOS_4531700043748397@maildrop.cc,5c0bf11e-22a6-49c9-9947-22d53b14818d,https://site-mkt-stage.artbasel.com/access?action=activationps&email=ios_4531700043748397%40maildrop.cc&token=5c0bf11e-22a6-49c9-9947-22d53b14818d
iOS_7861700043759741@maildrop.cc,1529699f-735a-44a5-8da6-b67b41a5645e,https://site-mkt-stage.artbasel.com/access?action=activationps&email=ios_7861700043759741%40maildrop.cc&token=1529699f-735a-44a5-8da6-b67b41a5645e
iOS_11700043769937@maildrop.cc,1fad5c41-1c41-4728-9c09-28218e50ed73,https://site-mkt-stage.artbasel.com/access?action=activationps&email=ios_11700043769937%40maildrop.cc&token=1fad5c41-1c41-4728-9c09-28218e50ed73
iOS_1221700043786428@maildrop.cc,a04a9a53-673f-49ef-bd88-2bd28dee681f,https://site-mkt-stage.artbasel.com/access?action=activationps&email=ios_1221700043786428%40maildrop.cc&token=a04a9a53-673f-49ef-bd88-2bd28dee681f
iOS_8151700043799162@maildrop.cc,425cc427-083d-457d-afae-62e2fe99649a,https://site-mkt-stage.artbasel.com/access?action=activationps&email=ios_8151700043799162%40maildrop.cc&token=425cc427-083d-457d-afae-62e2fe99649a
iOS_3331700043813298@maildrop.cc,075c471b-5f51-4ea5-a531-1d85ebd3fa01,https://site-mkt-stage.artbasel.com/access?action=activationps&email=ios_3331700043813298%40maildrop.cc&token=075c471b-5f51-4ea5-a531-1d85ebd3fa01
iOS_1281700043824048@maildrop.cc,34e09f73-ed91-4856-8a34-9737f26cc16a,https://site-mkt-stage.artbasel.com/access?action=activationps&email=ios_1281700043824048%40maildrop.cc&token=34e09f73-ed91-4856-8a34-9737f26cc16a
iOS_9781700043847504@maildrop.cc,3c18f654-f0bf-48be-94bf-4d976e2462a3,https://site-mkt-stage.artbasel.com/access?action=activationps&email=ios_9781700043847504%40maildrop.cc&token=3c18f654-f0bf-48be-94bf-4d976e2462a3
iOS_9491700043870545@maildrop.cc,08973ef6-f07e-4ded-a508-ba1f5d29ee15,https://site-mkt-stage.artbasel.com/access?action=activationps&email=ios_9491700043870545%40maildrop.cc&token=08973ef6-f07e-4ded-a508-ba1f5d29ee15
iOS_8281700043923792@maildrop.cc,59fd625b-a2fb-4e20-8d18-08b96a7732bf,https://site-mkt-stage.artbasel.com/access?action=activationps&email=ios_8281700043923792%40maildrop.cc&token=59fd625b-a2fb-4e20-8d18-08b96a7732bf
iOS_931700043937200@maildrop.cc,812edc5d-605e-4c13-9e95-55ee5f88bb03,https://site-mkt-stage.artbasel.com/access?action=activationps&email=ios_931700043937200%40maildrop.cc&token=812edc5d-605e-4c13-9e95-55ee5f88bb03
iOS_6781700043947043@maildrop.cc,1cf3647e-9167-475e-aa7b-9eeabea7152b,https://site-mkt-stage.artbasel.com/access?action=activationps&email=ios_6781700043947043%40maildrop.cc&token=1cf3647e-9167-475e-aa7b-9eeabea7152b
iOS_6801700043960489@maildrop.cc,b10ee72d-5424-42e8-ac0d-35ce1838be5f,https://site-mkt-stage.artbasel.com/access?action=activationps&email=ios_6801700043960489%40maildrop.cc&token=b10ee72d-5424-42e8-ac0d-35ce1838be5f
iOS_7831700043974011@maildrop.cc,240da5e3-f3c1-4354-8a13-43f6f3c31355,https://site-mkt-stage.artbasel.com/access?action=activationps&email=ios_7831700043974011%40maildrop.cc&token=240da5e3-f3c1-4354-8a13-43f6f3c31355
iOS_3991700043984842@maildrop.cc,cd436a4f-4095-4155-a9f6-8e8e6b89d6ae,https://site-mkt-stage.artbasel.com/access?action=activationps&email=ios_3991700043984842%40maildrop.cc&token=cd436a4f-4095-4155-a9f6-8e8e6b89d6ae
iOS_7241700043999862@maildrop.cc,a311e769-7c27-471d-80ad-8261c32ddb88,https://site-mkt-stage.artbasel.com/access?action=activationps&email=ios_7241700043999862%40maildrop.cc&token=a311e769-7c27-471d-80ad-8261c32ddb88
iOS_1461700044015457@maildrop.cc,eddc9029-3371-453a-a237-6222e62ba3a2,https://site-mkt-stage.artbasel.com/access?action=activationps&email=ios_1461700044015457%40maildrop.cc&token=eddc9029-3371-453a-a237-6222e62ba3a2
iOS_2051700044026379@maildrop.cc,adbde1be-c751-4ac3-a526-6150033ec1dc,https://site-mkt-stage.artbasel.com/access?action=activationps&email=ios_2051700044026379%40maildrop.cc&token=adbde1be-c751-4ac3-a526-6150033ec1dc
iOS_9881700044036143@maildrop.cc,a3df4869-840f-4e2d-a098-a04f2bfe0cab,https://site-mkt-stage.artbasel.com/access?action=activationps&email=ios_9881700044036143%40maildrop.cc&token=a3df4869-840f-4e2d-a098-a04f2bfe0cab
iOS_7131700044060115@maildrop.cc,11a97293-3ce1-4e3b-9c27-1ed466fcca95,https://site-mkt-stage.artbasel.com/access?action=activationps&email=ios_7131700044060115%40maildrop.cc&token=11a97293-3ce1-4e3b-9c27-1ed466fcca95
iOS_3441700044069965@maildrop.cc,7e5b1475-b509-4c19-951b-e00e5500070b,https://site-mkt-stage.artbasel.com/access?action=activationps&email=ios_3441700044069965%40maildrop.cc&token=7e5b1475-b509-4c19-951b-e00e5500070b
iOS_1981700044129773@maildrop.cc,ef86aeff-1685-42e2-8c04-3a8f874662f8,https://site-mkt-stage.artbasel.com/access?action=activationps&email=ios_1981700044129773%40maildrop.cc&token=ef86aeff-1685-42e2-8c04-3a8f874662f8
iOS_311700044143407@maildrop.cc,0720c2d7-e804-43d7-96da-dd55648adaae,https://site-mkt-stage.artbasel.com/access?action=activationps&email=ios_311700044143407%40maildrop.cc&token=0720c2d7-e804-43d7-96da-dd55648adaae
iOS_8431700044157296@maildrop.cc,22b07009-4e99-4929-9bdb-5f2011c6f7b0,https://site-mkt-stage.artbasel.com/access?action=activationps&email=ios_8431700044157296%40maildrop.cc&token=22b07009-4e99-4929-9bdb-5f2011c6f7b0
iOS_3751700044170094@maildrop.cc,a97ca87c-dce0-4f21-89c2-9b4fccf83a15,https://site-mkt-stage.artbasel.com/access?action=activationps&email=ios_3751700044170094%40maildrop.cc&token=a97ca87c-dce0-4f21-89c2-9b4fccf83a15
iOS_1331700044184236@maildrop.cc,c7d32daf-be25-4635-9475-52ea16e774fb,https://site-mkt-stage.artbasel.com/access?action=activationps&email=ios_1331700044184236%40maildrop.cc&token=c7d32daf-be25-4635-9475-52ea16e774fb
iOS_9281700044195815@maildrop.cc,b06a01c7-fa35-4a74-a168-6d4d59c94712,https://site-mkt-stage.artbasel.com/access?action=activationps&email=ios_9281700044195815%40maildrop.cc&token=b06a01c7-fa35-4a74-a168-6d4d59c94712
iOS_7521700044228905@maildrop.cc,af540c10-7785-4d38-b36a-095d4c7867c3,https://site-mkt-stage.artbasel.com/access?action=activationps&email=ios_7521700044228905%40maildrop.cc&token=af540c10-7785-4d38-b36a-095d4c7867c3
iOS_11700044255211@maildrop.cc,51deeed7-caf9-4b94-8f60-2c84ecabf27a,https://site-mkt-stage.artbasel.com/access?action=activationps&email=ios_11700044255211%40maildrop.cc&token=51deeed7-caf9-4b94-8f60-2c84ecabf27a
iOS_5201700044265814@maildrop.cc,b5cb46c4-134f-429a-84d5-3f5c8b929b4e,https://site-mkt-stage.artbasel.com/access?action=activationps&email=ios_5201700044265814%40maildrop.cc&token=b5cb46c4-134f-429a-84d5-3f5c8b929b4e
iOS_1791700044278193@maildrop.cc,c3cc5d31-cff8-451c-92c2-1e9a15e2b064,https://site-mkt-stage.artbasel.com/access?action=activationps&email=ios_1791700044278193%40maildrop.cc&token=c3cc5d31-cff8-451c-92c2-1e9a15e2b064
iOS_8821700044292814@maildrop.cc,26a73aea-5a9e-4f98-ae8b-4bc6d20aa640,https://site-mkt-stage.artbasel.com/access?action=activationps&email=ios_8821700044292814%40maildrop.cc&token=26a73aea-5a9e-4f98-ae8b-4bc6d20aa640
iOS_1351700044305613@maildrop.cc,afdb5854-3bf4-4f80-89bd-565c6c255ca2,https://site-mkt-stage.artbasel.com/access?action=activationps&email=ios_1351700044305613%40maildrop.cc&token=afdb5854-3bf4-4f80-89bd-565c6c255ca2
iOS_9731700044329563@maildrop.cc,c6520e45-4c51-4cae-a17d-194897947899,https://site-mkt-stage.artbasel.com/access?action=activationps&email=ios_9731700044329563%40maildrop.cc&token=c6520e45-4c51-4cae-a17d-194897947899
iOS_601700044341836@maildrop.cc,b2441346-b66c-4036-9dbf-6d0ff08add4b,https://site-mkt-stage.artbasel.com/access?action=activationps&email=ios_601700044341836%40maildrop.cc&token=b2441346-b66c-4036-9dbf-6d0ff08add4b
iOS_5401700044353770@maildrop.cc,df95fa9d-8a8c-4f45-8064-ef2f87bfb340,https://site-mkt-stage.artbasel.com/access?action=activationps&email=ios_5401700044353770%40maildrop.cc&token=df95fa9d-8a8c-4f45-8064-ef2f87bfb340
iOS_8791700044363376@maildrop.cc,340658f0-bdd7-4248-b137-8c545e680c66,https://site-mkt-stage.artbasel.com/access?action=activationps&email=ios_8791700044363376%40maildrop.cc&token=340658f0-bdd7-4248-b137-8c545e680c66
iOS_2491700044387617@maildrop.cc,febf41d2-57b3-4885-a420-911f6fb6d49b,https://site-mkt-stage.artbasel.com/access?action=activationps&email=ios_2491700044387617%40maildrop.cc&token=febf41d2-57b3-4885-a420-911f6fb6d49b
